director_id,director_name
1,Richard Finn
2,Tim Maltby
3,Fernando Lebrija
4,Gabe Ibáñez
5,Rodrigo Toro
6,Francisco Schultz
7,Henrik Ruben Genz
8,José Miguel Contreras
9,Daniel Alfredson
10,Munjal Shroff
11,Tilak Shetty
12,Gaspar Noé
13,Tom O'Brien
14,Antoine Bardou-Jacquet
15,Mitch Dickman
16,Brad Anderson
17,Austin Stark
18,Hannah Fidell
19,Madeleine Gavin
20,Sopon Sukdapisit
21,Kevin R. Adams
22,Joe Ksander
23,Ian Samuels
24,Franck Ribière
25,Daniele Thompson
26,Anubhav Sinha
27,Maha Venkatesh
28,Tharun Bhascker
29,Şenol Sönmez
30,Tom Gianas
31,Ross R. Shuman
32,Rajkumar Hirani
33,Robert Osman
34,Nathanael Wiseman
35,Jon Spira
36,Mez Tharatorn
37,Adisorn Tresirikasem
38,Banjong Pisanthanakun
39,Paween Purikitpanya
40,Songyos Sugmakanan
41,Parkpoom Wongpoom
42,Visute Poolvoralaks
43,Chayanop Boonprakob
44,Susan Johnson
45,Lynn Shelton
46,Farhan Alam
47,Chad Archibald
48,Brian Baugh
49,A. L. Vijay
50,Ryan Coogler
51,Ben Palmer
52,Chris Howe
53,Ken Kwapis
54,Park In-je
55,Rod Blackhurst
56,Brian McGinn
57,Jesse V. Johnson
58,Mahsun Kırmızıgül
59,Monique Gardenberg
60,Mike Flanagan
61,Jacob LaMendola
62,Ritesh Batra
63,Dylan Howitt
64,William Lau
65,Mana Yasuda
66,Brian De Palma
67,Rizal Mantovani
68,Han Yan
69,Jeremy Saulnier
70,Kim A. Snyder
71,Raditya Dika
72,Rocky Soraya
73,Sunil Soraya
74,Álvaro Longoria
75,Gerardo Olivares
76,Brendan Byrne
77,Gupse Özay
78,Jim Mickle
79,Jumpei Mizusaki
80,Koji Morimoto
81,Michael Arias
82,Masaru Matsumoto
83,Arthell Isom
84,Henry Thurlow
85,Takanobu Mizuno
86,Elsa Nakamichi
87,Hajime Sasaki
88,Shinji Takagi
89,Chi Fat Chan
90,Nabil Ayouch
91,Rob LaDuca
92,Robert C. Ramirez
93,Mangesh Hadawale
94,Wong Kar Wai
95,Rob Cohen
96,Louis J. Horvitz
97,Linda Saffire
98,Adam Schlesinger
99,Luis Lopez
100,Clay Tweel
101,Otilia Portillo Padua
102,Le Van Kiet
103,Eric Summer
104,Éric Warin
105,B. V. Nandini Reddy
106,Mario Van Peebles
107,Ava DuVernay
108,Sonia Lowman
109,Benjamin Turner
110,Michael J. Bassett
111,Troy Miller
112,Tan Bing
113,Warren P. Sonoda
114,Álex de la Iglesia
115,Rahul Ravindran
116,Archie Borders
117,Bonni Cohen
118,Jon Shenk
119,Bobcat Goldthwait
120,Deepti Naval
121,Morgan Neville
122,Anthony Byrne
123,Chris Moukarbel
124,Ana Lily Amirpour
125,Alex Winter
126,Kemi Adetiba
127,Toka McBaror
128,Gilles Paquet-Brenner
129,Niyi Akinmolayan
130,Rashida Jones
131,Alan Hicks
132,Scott Aukerman
133,Mariano Barroso
134,Amara Cash
135,Kiko Cruz Claverol
136,Patricia Font
137,Bedran Güzel
138,Chun Wong
139,Coerte Voorhees
140,John Voorhees
141,Samuel D. Pollard
142,Ham Tran
143,Feng Xiaogang
144,Gary Michael Schultz
145,Liv Ullmann
146,Sandeep Reddy Vanga
147,Jacques Perrin
148,Jacques Cluzaud
149,Justin Benson
150,Aaron Moorhead
151,Michael Bonfiglio
152,Zack Whedon
153,Eric Stoltz
154,Conrad Helten
155,Teo Konuralp
156,Chris Perkel
157,Cheh Chang
158,Manny Rodriguez
159,Robert Eggers
160,Chuck Russell
161,John Erick Dowdle
162,Edgar Wright
163,Tony Elliott
164,Louis C.K.
165,Jeremy Coon
166,Tim Skousen
167,Orlando von Einsiedel
168,Tom Donahue
169,Michèle Ohayon
170,Timothy Woodward Jr.
171,Nia Dinata
172,Mark O'Connor
173,Ajithkumar
174,Lucky Kuswandi
175,Riri Riza
176,Vijay Milton
177,Susannah Heath-Eves
178,Santwana Bardoloi
179,Atanu Ghosh
180,Amitava Bhattacharya
181,Partha Chakraborty
182,Raffi Ahmad
183,Arie Azis
184,Angelina Jolie
185,Pavel Parkhomenko
186,Azfar Jafri
187,R. Ellis Frazier
188,Yance Ford
189,Mark Tonderai
190,Roman Atwood
191,Ben Pluimer
192,Dan Forrer
193,Kip Andersen
194,Keegan Kuhn
195,Randall Lobb
196,Stacie Passon
197,Manop Janjarasskul
198,Shinsuke Sato
199,Chatchai Katenut
200,Manussa Vorasingha
201,Tanwarin Sukkhapisit
202,Poj Arnon
203,Ariel Vromen
204,Nicole Holofcener
205,Jerry G. Angelo
206,Michael Feifer
207,Elle Callahan
208,Alex Stapleton
209,Kıvanç Baruönü
210,Teng Huatao
211,Nzingha Stewart
212,Mark Dennis
213,Ben Foster
214,Ben Wallis
215,Dan Krauss
216,David Soren
217,Alessio Cremonini
218,Elaine McMillion Sheldon
219,Michael Simon
220,Joram Lürsen
221,Oliver Frampton
222,Mike Binder
223,Ryan Murphy
224,Mark Franchetti
225,Andrew Meier
226,Damián Romay
227,Trent Haaga
228,Mary Harron
229,Roger Donaldson
230,Petra Costa
231,Steven C. Miller
232,Richard Miron
233,Tony Leondis
234,Roger Kumble
235,Kunle Afolayan
236,Craig Gillespie
237,Nick Cassavetes
238,Clint Eastwood
239,Lea Glob
240,Roger Allers
241,Jill Culton
242,Wolfgang Petersen
243,Jonathan Demme
244,Bernie Denk
245,Ivan Reitman
246,Greg Mottola
247,Alejandro Agresti
248,Daniel Stamm
249,Phillip Noyce
250,Tony Scott
251,Ahmed Zain
252,Mohamed Hamdy
253,Dennis Dugan
254,Peter Ho
255,Jordi Llompart
256,Rian Johnson
257,Olivier Marchal
258,Dennis Iliadis
259,Qaushiq Mukherjee
260,Sudip Bandyopadhyay
261,Onir
262,Jatla Siddartha
263,Kanwal Sethi
264,Alfonso Cuarón
265,Samuel Jouy
266,Akiva Goldsman
267,Damien Leone
268,Karen Moncrieff
269,Jean-Pierre Devillers
270,Sophon Sakdaphisit
271,Curtis Hanson
272,Young Jun Lee
273,Rajiv Mehra
274,Toshiyuki Kubooka
275,Todd S. Yellin
276,Jesse Adang
277,Syrine Boulanouar
278,Elizabeth Chai Vasarhelyi
279,Toshiya Shinohara
280,Mohammed Hussain
281,Eli Craig
282,Parambrata Chatterjee
283,Shammi Kapoor
284,Umesh Mehra
285,Masahiko Murata
286,Hirotsugu Kawasaki
287,Toshiyuki Tsuru
288,Tensai Okamura
289,Florian Schnell
290,Josh Izenberg
291,Wynn Padula
292,Thierry Demaizière
293,Alban Teurlai
294,Spike Lee
295,Latif Faiziyev
296,Gastón Duprat
297,Mariano Cohn
298,Bette Gordon
299,Gary Wang
300,Raz Degan
301,Israel Adrián Caetano
302,Drew Stone
303,Jelle de Jonge
304,Afia Nathaniel
305,Luke Jurevicius
306,Sean Cisterna
307,Will Allen
308,Nacho G. Velilla
309,David Serrano
310,Jay Chapman
311,Jenny Gage
312,Kaila York
313,Ifa Isfansyah
314,Stan Lathan
315,Angga Dwimas Sasongko
316,Evgeny Afineevsky
317,Ryan Polito
318,Kabir Bhatia
319,Russell Crowe
320,Andrew Sandler
321,Dave Higby
322,Richie Smyth
323,Andibachtiar Yusuf
324,Dustin Nguyen
325,Chris Eigeman
326,Stanley Tong
327,David France
328,Vandana Kataria
329,Olaf de Fleur
330,Tamara Jenkins
331,Onur Bilgetay
332,Vincenzo Natali
333,Tugçe Soysop
334,Jacob Joice
335,Steve Ball
336,Craig Goodwill
337,Mickey Liddell
338,Michael D. Black
339,Juani Libonatti
340,DJ Chen
341,Dani de la Torre
342,Jerrold Tarog
343,Judah Friedlander
344,Errol Morris
345,Oliver Blackburn
346,Park Joon-hwa
347,Saravana Rajendran
348,Jitendra Tiwari
349,Pranav Singh
350,Vivek Wagh
351,Alex Israel
352,Lee Fulkerson
353,Joe Camp
354,Kavi Raz
355,Nick Simon
356,Don Mancini
357,Brandon Jones
358,Alain Desrochers
359,Brian Volk-Weiss
360,Deniz Gamze Ergüven
361,Robert Vince
362,Everardo González
363,Matt Kay
364,Drake Doremus
365,Osgood Perkins
366,Werner Herzog
367,Julien Rambaldi
368,Yvan Attal
369,Benjamin Weill
370,Scott Hussion
371,Seth Fuller
372,Wilson Yip
373,Griffin Dunne
374,Roger Gual
375,J. Davis
376,Rob Smat
377,Tinge Krishnan
378,Aleksey German
379,Eric Zaragosa
380,Sergio Barrejón
381,Sandi Tan
382,Vijay Yelakanti
383,Katherine Dieckmann
384,Natalie Portman
385,John Murlowski
386,Ozan Açıktan
387,Craig Brewer
388,Billy Lyons
389,Michael Steed
390,Zak Hilditch
391,Michael Steiner
392,Vlad Yudin
393,Paul Berczeller
394,Mark Radice
395,Quentin Tarantino
396,Chris Buck
397,Jennifer Lee
398,Patrick Osborne
399,Lauren MacMullan
400,John Kahrs
401,Nathan Greno
402,Byron Howard
403,Stevie Wermers
404,Dean Wellins
405,Kevin Deters
406,Mike Gabriel
407,Mark Henn
408,Andrew Slater
409,Glen Goei
410,Gavin Yap
411,S.S. Rajamouli
412,Brian Klein
413,Katy Chevigny
414,Ross Kauffman
415,Sarik Andreasyan
416,Huw Cordey
417,Yuen Woo-ping
418,Steve Brill
419,Don Michael Paul
420,Noah Baumbach
421,Jonathan Mostow
422,Brett Haley
423,Gillian Robespierre
424,Tobe Hooper
425,Daniel Benmayor
426,Abu Bakr Shawky
427,Jedd Wider
428,Todd Wider
429,Nagesh Kukunoor
430,Priyadarshan
431,Raj Kanwar
432,Pooja Bhatt
433,Satish Kaushik
434,Nikhil Advani
435,Anees Bazmee
436,Andrew Bujalski
437,Ben Wheatley
438,Anthony Giordano
439,Wyatt Cenac
440,Joanna Lombardi
441,Bruno Ascenzo
442,David Batty
443,Jennifer Siebel Newsom
444,Heidi Ewing
445,Rachel Grady
446,Jeremy Rush
447,Luis Javier Henaine
448,Anand Kamalakar
449,Eric Idle
450,Aubrey Powell
451,Will Yapp
452,Terry Hughes
453,Ian MacNaughton
454,Roger Graef
455,James Rogan
456,Terry Jones
457,Albert Sharpe
458,Leslye Headland
459,Jay Karas
460,Prakash Satam
461,Barry Sonnenfeld
462,Omoni Oboli
463,Thomas Vinterberg
464,Marcos Bucay
465,Peter Lepeniotis
466,Kim Jee-woon
467,Rajesh Touchriver
468,David Lam
469,Timo Tjahjanto
470,Reem Kherici
471,Adze Ugah
472,Steve Gukas
473,Ciarán Foy
474,Frank Rajah Arase
475,Yılmaz Erdoğan
476,Tope Oshin
477,Daniel Sánchez Arévalo
478,Don Omope
479,Ed Perkins
480,Steven Soderbergh
481,Udai Singh Pawar
482,Guntur Soeharjanto
483,Thiru
484,Federico Lemos
485,Harald Zwart
486,Bruce McDonald
487,Bassam Tariq
488,Leslie Iwerks
489,Kim Joo-hyung
490,Louie Psihoyos
491,Tom Forrest
492,Milan Luthria
493,John Crowley
494,Ranjit Tiwari
495,Tom Fassaert
496,Adam Dubin
497,Cary Joji Fukunaga
498,Aaron Hann
499,Mario Miscione
500,Ahmet Katıksız
501,Alexandros Avranas
502,Anindya Chatterjee
503,Anik Datta
504,Ishaan Trivedi
505,Biswajeet Bora
506,Sohail Tatari
507,David Stubbs
508,Madhur Bhandarkar
509,Parveen Kumar
510,Matías Gueilburt
511,Ananth Narayan Mahadevan
512,Ah Loong
513,Girish Malik
514,Debaloy Dey
515,Martin Rosete
516,Jasmine D'Souza
517,Ben C. Lucas
518,Rohit Jugraj
519,Shakti Samanta
520,Raj B. Shetty
521,Navneet Behal
522,Sukhbir Singh
523,Naresh Saigal
524,Ram Gopal Varma
525,Dhruv Dhawan
526,Thomas Sorriaux
527,Noriyuki Abe
528,Clovis Cornillac
529,Hajime Kamegaki
530,Jean-François Blais
531,Derek Hui
532,Kevin MacDonald
533,Stefano Sollima
534,Leïla Sy
535,Kery James
536,Shaad Ali
537,Mahmoud al Massad
538,Yesim Ustaoglu
539,Jan Suter
540,Lucy Cohen
541,McG
542,Christopher Guest
543,Gareth Evans
544,Paul Urkijo Alijo
545,Johanna Demetrakas
546,Padraic McKinley
547,Kief Davidson
548,Sara Colangelo
549,Mahmoud Sabbagh
550,Borja Cobeaga
551,Leo Riley
552,Hakan Algül
553,Vince Gilligan
554,Bolanle Austen-Peters
555,Sion Sono
556,Dennis Rovira van Boekholt
557,Mohamed Diab
558,Naoto Amazutsumi
559,Paul Greengrass
560,Rusty Cundieff
561,Darin Scott
562,Alastair Fothergill
563,James Yukich
564,Maciej Dejczer
565,Rusty Nixon
566,Lee Tamahori
567,Richard Rich
568,Michael Bay
569,Ted Demme
570,Bernard Rose
571,Lee Yoon-jung
572,Paul Haggis
573,Dave Green
574,Wojciech Marczewski
575,Andrzej Bartkowiak
576,Roy Poortmans
577,Brian Robbins
578,Mark Helfrich
579,Jon Hurwitz
580,Hayden Schlossberg
581,Bille Woodruff
582,Janusz Majewski
583,Alex Merkin
584,Alex Proyas
585,Vrinda Samartha
586,Jacek Koprowicz
587,Nicholaus Goossen
588,Scott Hicks
589,Morgan Spurlock
590,Martin Scorsese
591,Stig Bergqvist
592,Paul Demeyer
593,Wes Craven
594,Asif Kapadia
595,Robert Rodriguez
596,Frank Miller
597,Dorian Fernández-Moris
598,Jeannot Szwarc
599,Bryan Singer
600,Ash Brannon
601,Andy Tennant
602,Rob Reiner
603,Marek Piwowski
604,Brian Levant
605,Stanisław Różewicz
606,Gabriele Muccino
607,Igor Kovalyov
608,Norton Virgien
609,Krzysztof Zanussi
610,Robert Schwentke
611,Danny Boyle
612,Paul Feig
613,Alex Smith
614,Andrew J. Smith
615,Antoni Krauze
616,Simranjit Singh Hundal
617,Justin G. Dyck
618,N. Linguswamy
619,Deep Joshi
620,Antoine Fuqua
621,John Curran
622,Rakeysh Omprakash Mehra
623,Anurag Kashyap
624,Manjeet Maan
625,Shagufta Rafique
626,Shakun Batra
627,Andrew Renzi
628,Tinu Pappachan
629,Amitoj Mann
630,Amarpreet G S Chabbra
631,Paresh Mokashi
632,Anurag Basu
633,Ashutosh Gowariker
634,Atharv Baluja
635,Vishal Bhardwaj
636,Leslie Small
637,Tim Story
638,Shannon Hartman
639,Shashanka Ghosh
640,Steve Greenwood
641,Puneet Sira
642,Aziz Mirza
643,Renzil D'Silva
644,Smeep Kang
645,Sameer Sharma
646,Chandan Arora
647,Baljit Singh Deo
648,Jennifer Peedom
649,Mysskin
650,Rajan Madhav
651,Raaghav Dar
652,Ishi Rudell
653,David Lee Miller
654,Amit Saxena
655,Pankaj Batra
656,Jaivi Dhanda
657,Suman Ghosh
658,Kabir Khan
659,Akshay Akkineni
660,Nidhi Sharma
661,Mastan Alibhai Burmawalla
662,Abbas Alibhai Burmawalla
663,Vipin Parashar
664,Vikram Pradhan
665,Vijay
666,Eduardo Chauvet
667,Sundar C.
668,Sartaj Singh Pannu
669,Vikramaditya Motwane
670,James McTeigue
671,Ayaan Mukherji
672,Sidharth Malhotra
673,Saket Behl
674,Kevin Smith
675,Anjum Shahzad
676,Geun-hyun Cho
677,Christian Desmares
678,Franck Ekinci
679,Kyran Kelly
680,Adam Wood
681,Zeke Norton
682,Karen J. Lloyd
683,Andrew Tan
684,Michael Goguen
685,Ezekiel Norton
686,Alê Abreu
687,Carlos Therón
688,Francesco Carrozzini
689,Gabe Turner
690,Steve Race
691,Brett Harvey
692,Gaëtan Brizzi
693,Paul Brizzi
694,Joan C. Gratz
695,Mohammed Saeed Harib
696,Tomm Moore
697,Nina Paley
698,Bill Plympton
699,Joann Sfar
700,Michael Socha
701,Keiichi Hara
702,Audu Paden
703,Eric Radomski
704,Claude Barras
705,Jean-Loup Felicioli
706,Alain Gagnol
707,Toa Fraser
708,Vibeke Idsøe
709,Chan-sang Lim
710,Kyoko Miyake
711,Carlos Algara
712,Alejandro Martinez-Beltran
713,Stephen Donnelly
714,Olly Reid
715,Jun Falkenstein
716,Mikhil Musale
717,Riccardo Pilizzeri
718,Guilherme Fontes
719,Aamir Bashir
720,Alejandro Fernández Almendras
721,David Schalko
722,Pieter Kuijpers
723,Prashant Nair
724,Paul Taublieb
725,Jon Freeman
726,Riccardo Milani
727,Larry Elikann
728,Robert Markowitz
729,Eric Laneuville
730,Joel Oliansky
731,Roy Campanella II
732,Arthur Allan Seidelman
733,John Herzfeld
734,Buzz Kulik
735,Richard Michaels
736,Linda Otto
737,Roger Young
738,Vincent Kok
739,Fellipe Barbosa
740,Christian Zübert
741,David Mackenzie
742,David Palmer
743,Dax Shepard
744,Luke Snellin
745,Xavier Durringer
746,Jack C. Newell
747,Cecilia Atán
748,Valeria Pivato
749,Gus Van Sant
750,Saratswadee Wongsomphet
751,Kirati Nakintanon
752,Antongiulio Panizzi
753,Pawan Kumar
754,Patricia Rozema
755,Trey Edward Shults
756,Christian Charles
757,Bronwen Hughes
758,Phillip Youmans
759,Zhang Yimou
760,John Ridley
761,Lucas Margutti
762,Neal Brennan
763,Azazel Jacobs
764,Jung Ji-woo
765,Tejas Prabha Vijay Deoskar
766,Jim Fall
767,Marita Grabiak
768,Jason Priestley
769,Neill Blomkamp
770,Matt D'Avella
771,Parthiban
772,Morgan Matthews
773,Marcus Raboy
774,Richard Ladkani
775,Luis Ara
776,Ignacio Jaunsolo
777,Abhishek Sharma
778,John Schultz
779,Damien O’Connor
780,Joseduardo Giordano
781,Sergio Goyri Jr.
782,Rudy Soedjarwo
783,Alice Rohrwacher
784,Titien Wattimena
785,Nandita Das
786,Leena Yadav
787,Romain Gavras
788,Sebastián Hofmann
789,Heidi Brandenburg
790,Mathew Orzel
791,John Luessenhop
792,Mike Disa
793,Pali Yahya
794,Mati Diop
795,Moses Inwang
796,Jérémy Clapin
797,Mandla Dube
798,Mike Ezuruonye
799,Cheta Chukwu
800,Roger Russell
801,Frank Oz
802,Lu Yang
803,Edward Zwick
804,Basava Shankar Eeday
805,Elle-Máijá Tailfeathers
806,Kathleen Hepburn
807,Dante Lam
808,Shreyas Talpade
809,Seth Barrish
810,Sanjiv Jaiswal
811,Marta Jaenes
812,Rosa Márquez
813,Daniel Raim
814,Denny Lu
815,Mike Myhre
816,María Jose Cuevas
817,Oz Rodriguez
818,Aleksandr Chernyaev
819,Fedor Lyass
820,Robert Altman
821,Ric Roman Waugh
822,Cary Murnion
823,Jonathan Milott
824,Jon Alpert
825,Ibai Abad
826,Charles A. Nichols
827,Iwao Takamoto
828,David Ayer
829,John Irvin
830,Simon Wells
831,Julio Soto Gurpide
832,Julien Abraham
833,Tsutomu Mizushima
834,Nate Adams
835,Adam Carolla
836,Clay Kaytis
837,Barbra Streisand
838,Jim Gable
839,Nikon
840,Chris Sparling
841,Kathryn Bigelow
842,Monika Mitchell
843,Jake Paltrow
844,Fernando Colomo
845,Josh Wakely
846,Jacob Kornbluth
847,Jon Gunn
848,Raúl Campos Delgado
849,Anne Fontaine
850,Joshua Caldwell
851,Mike Judge
852,Bruce W. Smith
853,Eva Orner
854,Àlex Pastor
855,David Pastor
856,KVR Mahendra
857,Andrew Jenks
858,John Schlesinger
859,Akiva Schaffer
860,Juan Carlos Rulfo
861,Christian Ditter
862,Raj R
863,Sergio Leone
864,Jim Field Smith
865,Bruce McCulloch
866,Steven Spielberg
867,William Brent Bell
868,Hugh WIlson
869,Sam Raimi
870,Robert Aldrich
871,Marco Schnabel
872,Francis Ford Coppola
873,Lasse Hallström
874,Oliver Stone
875,Jason Reitman
876,Raja Gosnell
877,David Fincher
878,David Paul Meyer
879,Savage Steve Holland
880,Troy Nixey
881,Scott McAboy
882,Raymie Muzquiz
883,Stu Livingston
884,Stephen Herek
885,Joe Menendez
886,Vince Marcello
887,David R. Ellis
888,Eric Bross
889,Will Eisenberg
890,Matheus Souza
891,Sara Dosa
892,Bradley Walsh
893,Orson Welles
894,Benjamin Ross
895,Stephen Hopkins
896,Steve Paley
897,Michelle Caputo
898,Na Hyeon
899,Jerry Seinfeld
900,Houda Benyamina
901,Jerry Rothwell
902,Reuben Atlas
903,Kristin Hanggi
904,Joe Dante
905,Alex Zamm
906,Chris Smith
907,Dee Rees
908,Glenn Miller
909,Nicolas Winding Refn
910,Timo Vuorensola
911,Robb Dipple
912,Sarah Gavron
913,Eli Roth
914,Daniel Goldhaber
915,Asri Bendacha
916,Fred Cavayé
917,Joel Coen
918,Ethan Coen
919,Shane Acker
920,Wash Westmoreland
921,Alessandro Angulo
922,Mauro Scandolari
923,Arjun Jandyala
924,Samit Basu
925,Naoko Yamada
926,Sergio Pablos
927,Anand Tucker
928,Valli Bindana
929,Makoto Shinkai
930,V C Abhilash
931,Nila Madhab Panda
932,Sameer Vidwans
933,Nakul Singh Sawhney
934,Nishanth Ravindaran
935,Jathin Sanker Raj
936,Bill Guttentag
937,Michael Ware
938,Gajendra Ahire
939,Swapna Waghmare Joshi
940,Raymond McGrath
941,Adele K. Thomas
942,Richard Bailey
943,Julien Leclercq
944,Aitor Arregi
945,Jon Garaño
946,Remo D'Souza
947,Radhika Rao
948,Vinay Sapru
949,Volker Weicker
950,Manjeet Singh
951,Nick Mead
952,Gautier & Leduc
953,Lance Bangs
954,Matt Piedmont
955,Erik Matti
956,John Scheinfeld
957,Rhys Thomas
958,Christopher Storer
959,Jennifer Baichwal
960,Nicholas de Pencier
961,Tom Ford
962,J.M. Berrios
963,Josh Aronson
964,Estela Renner
965,Jeff Wadlow
966,Laurent Cantet
967,Raúl Campos
968,Natalia Valdebenito
969,Marcelo Galvão
970,Lorene Machado
971,Richard Donner
972,Kevin Reynolds
973,Marina Seresesky
974,Tony Kaye
975,Kenny Leon
976,Peter Segal
977,David Salzberg
978,Christian Tureaud
979,Daniel Mann
980,Richard Brooks
981,Michael Kampa
982,Harvey Lowry
983,James Dearden
984,Jack Starrett
985,Les Mayfield
986,David Lean
987,Tarun Mansukhani
988,Jennifer Westcott
989,Robert Clouse
990,Valeria Golino
991,Stuart Baird
992,Gregory Hoblit
993,Terry Gilliam
994,Drea Cooper
995,Zackary Canepari
996,Fred M. Wilcox
997,David Silberg
998,Vincente Minnelli
999,Charles Walters
1000,Mathieu Kassovitz
1001,Randal Kleiser
1002,Ernie Barbarash
1003,Michael A. Nickles
1004,Ken Marino
1005,Lionel C. Martin
1006,Joe Boyd
1007,Jeffrey W. Byrd
1008,Scott Stewart
1009,Alfonso Arau
1010,Ellen Weissbrod
1011,Michael Anderson
1012,Stanley Kubrick
1013,Theodore Witcher
1014,Callie Khouri
1015,Brett Ratner
1016,Gil Kenan
1017,Lewis Milestone
1018,Carol Reed
1019,Jared Hess
1020,Gene Quintano
1021,Charles Stone III
1022,Nicholas Ray
1023,Sam Mendes
1024,Roman Polanski
1025,John Dahl
1026,Blayne Weaver
1027,Billy Bob Thornton
1028,Sam O'Steen
1029,David Fairhead
1030,Anthony Palmer
1031,Adam McKay
1032,Gordon Parks
1033,Neil Jordan
1034,John Stephenson
1035,Norman Jewison
1036,Manolo Caro
1037,David Michôd
1038,Marco Bonfanti
1039,Lilly Wachowski
1040,Lana Wachowski
1041,Alan J. Pakula
1042,Kevin Donovan
1043,Charlotte Zwerin
1044,Pete Travis
1045,Nick Moore
1046,Rodrigo Guardiola
1047,Gabriel Cruz Rivas
1048,Ruben Fleischer
1049,Neeraj Pandey
1050,Indrajit Nattoji
1051,Raj Kumar Gupta
1052,Arnab Chaudhuri
1053,Rana Ranbir
1054,David Zucker
1055,Momoko Kamiya
1056,Harry Baweja
1057,Ken Ghosh
1058,Kookie V. Gulati
1059,Vivek Agnihotri
1060,Umesh Shukla
1061,Habib Faisal
1062,Bobby Roth
1063,Halder Gomes
1064,Tony Zierra
1065,B. Unnikrishnan
1066,Sajid Khan
1067,Saji Surendran
1068,Ksshitij Chaudhary
1069,Abhishek Kapoor
1070,Gary Binkow
1071,Chad Hartigan
1072,Nishikant Kamat
1073,Navinder Pal Singh
1074,Dibakar Banerjee
1075,Tigmanshu Dhulia
1076,Kunal Deshmukh
1077,Prakash Jha
1078,R. Kannan
1079,Gaurav Narayanan
1080,Kevin Layne
1081,Jon J. Whelan
1082,Leanne Gater
1083,Jennifer M. Kroot
1084,Jay Russell
1085,Wally Pfister
1086,Akin Omotoso
1087,Shyam Benegal
1088,Satyajit Bhatkal
1089,Bharat Jain
1090,Alo Sarkar
1091,Rajeev Chaudhari
1092,Vishal Mishra
1093,Iñaki Dorronsoro
1094,Takuya Inaba
1095,Ali Bin Matar
1096,Ibrahim Bin Mohamed
1097,Daniel Ablin
1098,Buta Singh
1099,Jami
1100,Ali Samadi Ahadi
1101,Anurag Singh
1102,Ashok Nanda
1103,Navaniat Singh
1104,Shweta Basu Prasad
1105,D Ho
1106,Jitender Pawar
1107,Erik Canuel
1108,Param Gill
1109,Jack Zagha Kababie
1110,Richard Mears
1111,Moto Sakakibara
1112,Emilio Martínez Lázaro
1113,Craig Monahan
1114,Gillian Armstrong
1115,Jon Reiner
1116,Brad Rothschild
1117,John Duigan
1118,Mu Chu
1119,Henry Sarwer-Foner
1120,Will Lovelace
1121,Dylan Southern
1122,Jim Monaco
1123,Sherif Ismail
1124,Dava Whisenant
1125,Yen Cheng-kuo
1126,James Wan
1127,Karim El Sobky
1128,Mohamed Samy
1129,Sameh Abdulaziz
1130,Husam El-Gohari
1131,Liz Plonka
1132,Sam Patton
1133,Rupert Jones
1134,Sonia Kennebeck
1135,David Pablos
1136,Maya Gallus
1137,Cavi Borges
1138,Luciano Vidigal
1139,Dani Levy
1140,Alma Har'el
1141,Alex Parkinson
1142,Richard da Costa
1143,Kevin Peeples
1144,Frant Gwo
1145,Harrison Smith
1146,Sonny Mallhi
1147,Jeff Garlin
1148,Michael Barnett
1149,Andrew Nackman
1150,Ole Bornedal
1151,Andrew Niccol
1152,Isabelle Nanty
1153,Rob Epstein
1154,Jeffrey Friedman
1155,Antonio Morabito
1156,Rene Bueno
1157,John Woo
1158,Nicolás López
1159,Patricia Ferreira
1160,Nahnatchka Khan
1161,Sachin Yardi
1162,Partho Mitra
1163,Santram Varma
1164,Paul Spurrier
1165,Han Han
1166,Pawan Kripalani
1167,Bhushan Patel
1168,Raj Nidimoru
1169,Krishna D.K.
1170,Alexandra Dean
1171,Cosima Spender
1172,Simon Curtis
1173,Jang Jae-hyun
1174,Charlie McDowell
1175,Liam Lynch
1176,Hao Wu
1177,Felipe Cano
1178,Gabriela Tagliavini
1179,Joe Berlinger
1180,Ismail Farouk
1181,Lee Jeong-beom
1182,William Bindley
1183,Fernando Ayllón
1184,Maya Zinshtein
1185,Jill Bauer
1186,Ronna Gradus
1187,Justin McConnell
1188,Joe Johnston
1189,Bryce Wagoner
1190,Steven Brill
1191,Kim Sung-hoon
1192,Norberto López Amado
1193,Mary Mazzio
1194,Joe Piscatella
1195,Rahul Dholakia
1196,Mark Craig
1197,Ketan Mehta
1198,Alex Richanbach
1199,Christopher Smith
1200,Nadia Hallgren
1201,Sudabeh Mortezai
1202,Richard Shepard
1203,Matthew Cooke
1204,Mike Diva
1205,Jean-Patrick Benes
1206,Trisha Ziff
1207,Vasan Bala
1208,Tig Notaro
1209,John Bridcut
1210,Mike Fleiss
1211,Barry Jenkins
1212,Linda Mendoza
1213,Aanand Rai
1214,Sharon Grimberg
1215,Akram Farouk
1216,Christel Gibson
1217,Andrew Stanton
1218,Manav Shah
1219,Jimmy Henderson
1220,Jessica Yu
1221,Kim Nguyen
1222,Max Martini
1223,Ian Nelms
1224,Eshom Nelms
1225,Hiroyuki Seshita
1226,Lygia Barbosa da Silva
1227,Eliane Brum
1228,Ken Kushner
1229,Yolanda Ramke
1230,Ben Howling
1231,Kagiso Lediga
1232,Diego Enrique Osorno
1233,Hernán Zin
1234,Arthur Muhammad
1235,Pedring A. Lopez
1236,Sam Cullman
1237,Francesco Imperato
1238,Stefon Bristol
1239,Brit McAdams
1240,Steve Loter
1241,Icíar Bollaín
1242,Kate Melville
1243,Aditya Vikram Sengupta
1244,David Dhawan
1245,Neil Burger
1246,Apoorva Lakhia
1247,Mandie Fletcher
1248,Michael Dowse
1249,Vipul Amrutlal Shah
1250,Rajkumar Santoshi
1251,Mercedes Cordova
1252,Antonio Campos
1253,Derek Cianfrance
1254,Meenu Gaur
1255,Farjad Nabi
1256,Matthew Hope
1257,Asim Abbasi
1258,Saurabh Kabra
1259,Aijaz Khan
1260,Anil V. Kumar
1261,Sangeeth Sivan
1262,Umesh Ghadge
1263,Midhun Manuel Thomas
1264,Umer Adil
1265,Hayao Miyazaki
1266,Robert Kenner
1267,Kundan Shah
1268,So Yong Kim
1269,Alina Teodorescu
1270,Filip Renc
1271,Femi Oyeniran
1272,Kalvadour Peterson
1273,David Morris
1274,Jacqui Morris
1275,Gonzalo López-Gallego
1276,Abby Epstein
1277,Hepi Mita
1278,Anthony Abrams
1279,Adam Larson Broder
1280,Dylan Bank
1281,Daniel DiMauro
1282,Morgan Pehme
1283,Sean Foley
1284,Pierre Coré
1285,Che Sandoval
1286,Jean-Bernard Marlin
1287,Yee Tung-Shing
1288,Trey Borzillieri
1289,Barbara Schroeder
1290,Rajiv Chilaka
1291,Sidheswar Shukla
1292,Asit Mohapatra
1293,Shyamal Chaulia
1294,Amy Poehler
1295,Sachin Kundalkar
1296,Puri Jagannadh
1297,Krish
1298,Shoojit Sircar
1299,Ribhu Dasgupta
1300,Geoff Anderson
1301,Federico Veiroj
1302,Mark Zwonitzer
1303,Bo Welch
1304,Sedat Kirtan
1305,Kubilay Sarikaya
1306,Stacia Crawford
1307,Michael Epstein
1308,Sudipto Roy
1309,Frédéric Tonolli
1310,Rachel Lears
1311,Emmanuel Amara
1312,Syamsul Yusof
1313,Nicholas Winter
1314,Bong Joon Ho
1315,Mangesh Kanthale
1316,Kevin Munroe
1317,Jim Henson
1318,Gary Young
1319,Nicanor Loreti
1320,Simon Napier-Bell
1321,Devashish Makhija
1322,Amal Neerad
1323,Fluvio Iannuci
1324,Roly Santos
1325,Julius R. Nasso
1326,Lucas Figueroa
1327,Francis Lee
1328,Shanker Raman
1329,Rakshith Thirthahalli
1330,C. Fitz
1331,Alex Timbers
1332,Damien Piscarel
1333,Florent Bodin
1334,Saandeep Patel
1335,Arun Vaidyanathan
1336,Pradip Kurbah
1337,Alfonso Rodríguez
1338,Guillermo Garcia
1339,David Cantolla
1340,Makarand Mane
1341,Pierfrancesco Diliberto
1342,Sean Menard
1343,Dito Montiel
1344,Vicente Villanueva
1345,Anu Menon
1346,Adrian Murray
1347,Andy Goddard
1348,K. Rajagopal
1349,Supavitra Babul
1350,Zoya Akhtar
1351,Karan Johar
1352,Anthony D'Souza
1353,Soumendra Padhi
1354,Mahesh Bhatt
1355,Ken Burns
1356,Artemis Joukowsky
1357,Fuwad Khan
1358,Mike Birbiglia
1359,Praveen Nischol
1360,Dylan Mohan Gray
1361,Kabir Sadanand
1362,Shinji Aramaki
1363,Mamoru Oshii
1364,Hideki Futamura
1365,Toshiyuki Kanno
1366,Tomoki Kyoda
1367,Koichi Mashimo
1368,Yasushi Muraki
1369,Daisuke Nishio
1370,Frank O'Connor
1371,Koji Sawai
1372,Joseph Chou
1373,Hiroshi Yamazaki
1374,Justin Bare
1375,Matthew Miele
1376,Lucien Jean-Baptiste
1377,Jalil Lespert
1378,Sudhir Mishra
1379,Edward Cotterill
1380,Sudhanshu Saria
1381,Sarah Moshman
1382,Omung Kumar
1383,Bob Hercules
1384,Rita Coburn Whack
1385,Munish Bhardwaj
1386,Dilip Mehta
1387,Satish Rajwade
1388,Devika Bhagat
1389,Luv Ranjan
1390,Vikas Bahl
1391,Dharmesh Darshan
1392,Kireet Khurana
1393,Padmakumar Narasimhamurthy
1394,Bejoy Nambiar
1395,Isaki Lacuesta
1396,Isa Campo
1397,Gurmmeet Singh
1398,Nathan Landeg
1399,Fernando González Molina
1400,Yann Arthus-Bertrand
1401,Michael Pitiot
1402,Kazuya Murata
1403,Mina Shum
1404,Martin Zandvliet
1405,Stephen Belber
1406,Tony Stone
1407,Cosmo Feilding-Mellen
1408,Peter Foott
1409,Raam Reddy
1410,Majid Al Ansari
1411,Woody Allen
1412,Hasan Aljaberi
1413,Clark Johnson
1414,Emmanuel Mouret
1415,Robin Swicord
1416,Conor Allyn
1417,Uraaz Bahl
1418,Frank Coraci
1419,John Patrick Shanley
1420,Haifaa Al-Mansour
1421,Wenn V. Deramas
1422,Olivia M. Lamasan
1423,Antoinette Jadaone
1424,Nuel Naval
1425,Paul Solet
1426,Rick Benattar
1427,Amy Schumer
1428,Ian Kirby
1429,Sean McNamara
1430,Justin Chon
1431,Aziz Ansari
1432,David Sampliner
1433,Adam Shankman
1434,Chito S. Roño
1435,Marc Forster
1436,Keoni Waxman
1437,Benny Fine
1438,Mae Czarina Cruz
1439,Paul Soriano
1440,Ruel S. Bayani
1441,Peter Mortimer
1442,Josh Lowell
1443,Greg Coolidge
1444,Iginio Straffi
1445,Owen Egerton
1446,"Sam ""Blitz"" Bazawule"
1447,Norm Hiscock
1448,Gary Howsam
1449,Mike Smith
1450,John Paul Tremblay
1451,Robb Wells
1452,Joe Miale
1453,Dheeraj Berry
1454,Richard Sears
1455,Nirpal Bhogal
1456,Laurent Bouzereau
1457,Brett Whitcomb
1458,Lucy van Beek
1459,Frank Capra
1460,Joris Ivens
1461,John Huston
1462,Jakob Verbruggen
1463,George Stevens
1464,John Ford
1465,Michael Samuels
1466,William Wyler
1467,Stuart Heisler
1468,John Sturges
1469,Hugh Stewart
1470,Roy Boulting
1471,Anthony Veiller
1472,Anatole Litvak
1473,Micah Bickham
1474,Galley Molina
1475,Stuart Orme
1476,Olivia Newman
1477,Jared Stern
1478,Yang Lei
1479,Lennart Ruff
1480,Mike Clattenburg
1481,Adam MacDonald
1482,Saurav Palodhi
1483,Shawn Crahan
1484,Michael Whitton
1485,Steve Carr
1486,Swapnaneel Jayakar
1487,Kyzza Terrazas
1488,Miguel Conde
1489,Philippe Falardeau
1490,John Lee Hancock
1491,Theo Love
1492,Bart Freundlich
1493,Awi Suryadi
1494,Hanung Bramantyo
1495,Óskar Thór Axelsson
1496,Dan Lucchesi
1497,Vishal Mahadkar
1498,Mikhail Red
1499,Raj Babu
1500,Rodolphe Guenoden
1501,Javier Ruiz Caldera
1502,Dan Fraga
1503,Marina Willer
1504,Diego Pignataro
1505,Meghan O'Hara
1506,Tommy O'Haver
1507,Douglas McGrath
1508,Chanon Yingyong
1509,Phuwanit Pholdee
1510,Kyle Newacheck
1511,Mijke de Jong
1512,Jorge Granier
1513,Daryl Hannah
1514,Michael Larnell
1515,Advait Chandan
1516,Abel Ferrara
1517,Oriol Paulo
1518,Stuart Sender
1519,Jeff Tremaine
1520,Paul Dugdale
1521,Joyce Bernal
1522,Jason Paul Laxamana
1523,Maryo J. De los Reyes
1524,Theodore Boborol
1525,Gavin Fitzgerald
1526,Juan Zapata
1527,Gianfranco Rosi
1528,Oliver Daly
1529,Karan Shivajirao Chavan
1530,Vikram Tanajirao Patil
1531,Melinda Janko
1532,Tanuj Bhramar
1533,Isao Yukisada
1534,A.R. Murugadoss
1535,Faraz Haider
1536,Fritz Ofner
1537,Mozez Singh
1538,Robin Aubert
1539,Brendan Toller
1540,Kristian Levring
1541,Mark Helenowski
1542,Kevin Pang
1543,Jonathan Ignatius Green
1544,Sonny Marler
1545,Taron Lexton
1546,Eva Vives
1547,Lonny Price
1548,Sang-ho Yeon
1549,Jason Krawczyk
1550,Sam Wrench
1551,Sophie Robinson
1552,Lotje Sodderland
1553,John Lee
1554,Richard Loncraine
1555,Sydney Freeland
1556,Ben Bowie
1557,Geoff Luck
1558,Jung-woo Park
1559,Asghar Farhadi
1560,Brandon Camp
1561,Alison Klayman
1562,Yoo Byung-jae
1563,Victor Levin
1564,Henry Selick
1565,James Ivory
1566,Lone Scherfig
1567,Mark Dindal
1568,Pia Sukanya
1569,Yann Gozlan
1570,Hoyt Yeatman
1571,Lukas Dhont
1572,Matthew McNeil
1573,Stephen Chow
1574,Frank W Chen
1575,Adrian Teh
1576,Florian Henckel von Donnersmarck
1577,Steven R. Monroe
1578,Buz Wallick
1579,Indrasis Acharya
1580,Aatmaram Dharne
1581,Sumitra Bhave
1582,Sunil Sukthankar
1583,Sunao Katabuchi
1584,Kedar Shinde
1585,Johan Brisinger
1586,Attila Till
1587,Mahesh Manjrekar
1588,Tim Bartley
1589,Robyn Butler
1590,John Upchurch
1591,Deepika Narayan Bhardwaj
1592,Bruno Stagnaro
1593,Girish Joshi
1594,Aditya Sarpotdar
1595,Arjun Gourisaria
1596,Moinak Biswas
1597,Maria Sadowska
1598,Santosh Sivan
1599,Pascal Blanchard
1600,Sonia Dauger
1601,David Dietz
1602,Heidi Saman
1603,Peter Middleton
1604,James Spinney
1605,Shashilal K. Nair
1606,Jayaraj Rajasekharan Nair
1607,Partho Sen-Gupta
1608,Eric Drath
1609,Sam Upton
1610,Cathy Garcia-Molina
1611,Yang Woo-seok
1612,Pan Nalin
1613,J.C. Chandor
1614,John L. Spencer
1615,Victor Cook
1616,Devin Chanda
1617,Tekin Girgin
1618,David Chirchirillo
1619,Marianna Palka
1620,Dennis Bartok
1621,Kenneth Müller
1622,Marcel Barrena
1623,Burak Aksak
1624,Gerard McMurray
1625,Muharrem Gülmez
1626,Meltem Bozoflu
1627,Selçuk Aydemir
1628,Birkan Pusa
1629,Ömer Faruk Sorak
1630,Ali Taner Baltacı
1631,Cem Yılmaz
1632,Sermiyan Midyat
1633,Aytaç Ağırlar
1634,Yusuf Pirhasan
1635,Clementine Malpas
1636,Leslie Knott
1637,Ketche
1638,Erol Özlevi
1639,Hakan Yonat
1640,Olivier Loustau
1641,Nottapon Boonprakob
1642,Perry Lang
1643,Nawapol Thamrongrattanarit
1644,Xavier Gens
1645,Gary Wheeler
1646,Ang Lee
1647,Tom Edmunds
1648,Brant Sersen
1649,Sam Liu
1650,Frank Paur
1651,Phil Morrison
1652,Paul Katis
1653,Matthew Vaughn
1654,Jonathan A. Rosenbaum
1655,Franck Phelizon
1656,Peter Howitt
1657,Matthew Atkinson
1658,Rajiv Menon
1659,Chiwetel Ejiofor
1660,Michael Buster
1661,Philip Einstein Lipski
1662,Jørgen Lerdam
1663,Amalie Næsby Fick
1664,Rodrigo Salomón
1665,Pietro Scappini
1666,Mark Waters
1667,James Toback
1668,David Wain
1669,Debra Granik
1670,Miguel Ángel Vivas
1671,Joey Curtis
1672,Shikha Makan
1673,Haissam Hussain
1674,Mitch Gould
1675,Kaizad Gustad
1676,Clay Porter
1677,Mani Ratnam
1678,Eeshwar Nivas
1679,Hugues Nancy
1680,Fabien Beziat
1681,Indra Kumar
1682,Tim Van Someren
1683,Shawn Arranha
1684,Jonathan Baker
1685,K. Subhash
1686,V. K. Prakash
1687,Manish Tiwary
1688,Kranti Redkar
1689,Dhilip Kumar
1690,Subhash Ghai
1691,Surya S.J.
1692,Sunil Kumar Agrawal
1693,Samir Karnik
1694,Daniel Lindsay
1695,T.J. Martin
1696,Syed Ahmad Afzal
1697,RZA
1698,Steve Sacks
1699,Mike Fetterly
1700,Manish Gupta
1701,Jeeva
1702,K. Gopinathan
1703,Lars Büchel
1704,Krishna Vamshi
1705,Gurudev Bhalla
1706,Samar Khan
1707,Amit Barot
1708,Adarsh Eshwarappa
1709,Carlo Padial
1710,Julien Seri
1711,Bryan Buckley
1712,Keerthi
1713,Buddhadev Dasgupta
1714,Mukul Anand
1715,Preston A. Whitmore II
1716,Milind Dhaimade
1717,Ashish R. Mohan
1718,N. Chandra
1719,Volker Arzt
1720,Angelika Sigl
1721,Arne Birkenstock
1722,Jonathan Taylor
1723,Alessandro Pepe
1724,Selvamani Selvaraj
1725,Vijay Jayapal
1726,Matt Wechsler
1727,Hernán Belón
1728,Harvey Lilley
1729,Lev L. Spiro
1730,Michael Polish
1731,Maria Ripoll
1732,Oren Uziel
1733,Adam Marino
1734,Kurt Wimmer
1735,Craig Johnson
1736,Jeffrey Walker
1737,Ulises Valencia
1738,Gabriel Grieco
1739,Isabel Coixet
1740,Grant Sputore
1741,Laxman Utekar
1742,Juan Antin
1743,Hanno Olderdissen
1744,Amar Kaushik
1745,Reginald Hudlin
1746,Grant Korgan
1747,Brian Niles
1748,Ajay Bahl
1749,Kees Van Oostrum
1750,Eva Trobisch
1751,Tamer Bassiouni
1752,Travis Zariwny
1753,Corbin Bernsen
1754,Shadi Ali
1755,Mahmoud Karim
1756,Walerian Borowczyk
1757,Hani Hamdi
1758,Wael Ihsan
1759,Amr Arafa
1760,Ahmed Al-Badry
1761,Mohammed El-Tahawy
1762,Mohamed Mostafa
1763,Philip Marlatt
1764,Scott Mosier
1765,Yarrow Cheney
1766,David Gelb
1767,David Guy Levy
1768,Taika Waititi
1769,Saul Dibb
1770,Manika Sharma
1771,Mathieu Auvray
1772,Limbert Fabian
1773,Brandon Oldenburg
1774,Grant Heslov
1775,Timothy Reckart
1776,Sittisiri Mongkolsiri
1777,Kelly Reichardt
1778,Robbie Grewal
1779,Ted Geoghegan
1780,Yayo Herrero
1781,Juan Manuel Cotelo
1782,Damani Baker
1783,Lyric R. Cabral
1784,David Felix Sutcliffe
1785,Alfonso Serrano Maturino
1786,Kimo Stamboel
1787,Johnnie To
1788,Seong-hun Kim
1789,Bo Burnham
1790,Christopher Nolen
1791,Thiagarajan Kumararaja
1792,Matt Palmer
1793,Rodrigo Triana
1794,Federico D'Alessandro
1795,Anthony Pierce
1796,Mike Mills
1797,Kate Horne
1798,Roberto Girault Facha
1799,Christopher Ray
1800,Michel Tikhomiroff
1801,Emanuel Hoss-Desmarais
1802,Paul Thomas Anderson
1803,Alex Díaz
1804,Fredric Lean
1805,Bill D'Elia
1806,Sujoy Ghosh
1807,Peter Ramsey
1808,Rodney Rothman
1809,Bob Persichetti
1810,Doron Paz
1811,Yoav Paz
1812,Svati Chakravarty Bhatkal
1813,Justin Kelly
1814,Pablo Larraín
1815,Liz Garbus
1816,Kevin Bray
1817,Michael James Regan
1818,Aditya Kripalani
1819,Seiji Mizushima
1820,Sanjay Gupta
1821,Myriam Aziza
1822,Vivieno Caldinelli
1823,Rob Burnett
1824,Jay Lyons
1825,Drew Casson
1826,Kevin Lima
1827,Charlie Siskel
1828,Brian Knappenberger
1829,Brian Smith
1830,Brent Bonacorso
1831,Jennifer Phang
1832,Jesse Johnson
1833,Gerard Barrett
1834,Rene Liu
1835,Geoffrey Orthwein
1836,Andrew Sullivan
1837,Jovanka Vuckovic
1838,Annie Clark
1839,Roxanne Benjamin
1840,Karyn Kusama
1841,Miguel Cohan
1842,Luis Alberto Restrepo
1843,Andrés Beltrán
1844,Jaime Rayo
1845,Hideaki Anno
1846,Tarek Abdel Moaty
1847,Kazuya Tsurumaki
1848,Nitesh Tiwari
1849,Hazem Fouda
1850,Khaled Marei
1851,Abhijit Kokate
1852,Srivinay Salian
1853,Magdy Al-Hawwary
1854,Ahmad El-Badri
1855,Antonin Baudry
1856,Sherif Mandour
1857,Lynn Novick
1858,Atul Malhotra
1859,Roy Burdine
1860,Johnny Castuciano
1861,Scott Moran
1862,George Clooney
1863,Datta Mohan Bhandare
1864,Kieran Darcy-Smith
1865,Tom Hooper
1866,Salvador Calvo
1867,Jun-seong Kim
1868,Chris Robinson
1869,Janet Tobias
1870,Claus Wehlisch
1871,David L. Cunningham
1872,Ed Lilly
1873,Madeleine Parry
1874,Jon Olb
1875,Isaac Ezban
1876,Anirban Majumder
1877,Scott Martin
1878,Jeremy Kenyon Lockyer Corbell
1879,Sumit Das
1880,George Mendeluk
1881,Kyle Patrick Alvarez
1882,Jon Watts
1883,Jakob Lass
1884,Jay Bulger
1885,Kevin Derek
1886,Shazia Javed
1887,John Haptas
1888,Kristine Samuelson
1889,Sanjay Jadhav
1890,Ahmed El Gendy
1891,Vinod Kapri
1892,Elías León
1893,Anders Falck
1894,Stinus Morell Vithner
1895,Oded Raz
1896,Mariana Tschudi
1897,Héctor Gálvez
1898,Claire Scanlon
1899,Ramón Salazar
1900,Eduardo Mendoza de Echave
1901,Henrik Martin Dahlsbakken
1902,Arun Chidambaram
1903,Caio Cobra
1904,Tomer Heymann
1905,Alex Infascelli
1906,Cal Seville
1907,Peggy Holmes
1908,Bruno Garotti
1909,Zachary Heinzerling
1910,Abdul Aziz Hashad
1911,Mark Ritchie
1912,Tarek Al Eryan
1913,Hadi El Bagoury
1914,Patrik Syversen
1915,Michael John Warren
1916,Andy Capper
1917,Waymon Boone
1918,Phil Johnston
1919,Rich Moore
1920,Julie Dash
1921,Andrew C. Erin
1922,Chang-Min Lee
1923,Derek Yee
1924,Cristina Jacob
1925,Roland Emmerich
1926,Jonathan Levine
1927,David McCracken
1928,Sanjib Dey
1929,Ron Davis
1930,Barry Avrich
1931,Jon Avnet
1932,V. Scott Balcerek
1933,Richard Kelly
1934,Joel Schumacher
1935,Peter Chelsom
1936,Peter Hutchings
1937,Daniel Yee Heng Chan
1938,Dennie Gordon
1939,Shadab Khan
1940,Nattawut Poonpiriya
1941,Elvira Lind
1942,Davis Guggenheim
1943,Gavin O'Connor
1944,Jon Turteltaub
1945,Felix Starck
1946,Robert Kouba
1947,Ted Braun
1948,Jon Manning
1949,Onur Tukel
1950,Saara Cantell
1951,Ron Howard
1952,Jayaprakash Radhakrishnan
1953,Rob Meyer
1954,Anita Barbosa
1955,Daniel Wilner
1956,Lekh Tandon
1957,Alberto Rodríguez
1958,Jose Manuel Colón
1959,David Sington
1960,Zoe Berriatúa
1961,Luis Estrada
1962,Spike Jonze
1963,Rob Marshall
1964,Lee Eung-bok
1965,Phyllida Lloyd
1966,Leif Tilden
1967,Pat Healy
1968,Dustin McKenzie
1969,Andrew Duncan
1970,Fabio Grassadonia
1971,Antonio Piazza
1972,Jody Hill
1973,Samu Fuentes
1974,Alexandre Espigares
1975,Suhas Kadav
1976,Dan Harris
1977,Marcelo Altmark
1978,Mariano Mucci
1979,Luis A. Scalella
1980,Renny Harlin
1981,Amanda Micheli
1982,Eric Khoo
1983,Gideon Raff
1984,Kang Cheng
1985,Shan Hua
1986,Nizar Shafi
1987,Víctor García
1988,Wilson Coneybeare
1989,Note Chern-Yim
1990,Fernando Sariñana
1991,José Luis Gutiérrez
1992,Scott L. Montoya
1993,David Blair
1994,Kirk De Micco
1995,Chris Sanders
1996,Sian Heder
1997,Ted Emery
1998,John Wells
1999,Meng Hua Ho
2000,Tony Datis
2001,Vanessa Roth
2002,Ben Ryder
2003,Jim Strouse
2004,Ben Young
2005,Kirby Dick
2006,Raymond Wood
2007,Jorge M. Fontana
2008,Olivier Afonso
2009,James Woodroffe
2010,Rachel Bell
2011,David Leveaux
2012,Sebastián Schindel
2013,Kyle Newman
2014,Alex Garland
2015,Keanu Reeves
2016,Anna Boden
2017,Ryan Fleck
2018,William Monahan
2019,Piti Jaturaphat
2020,Atom Egoyan
2021,John Maclean
2022,James Ponsoldt
2023,Tanit Jitnukul
2024,Atsajun Sattakovit
2025,Sukum Maetawanitch
2026,Tiffanie Hsu
2027,Daniel Gray Longino
2028,Nick Gomez
2029,Karim Amer
2030,Jehane Noujaim
2031,Daniel Calparsoro
2032,Kasper Collin
2033,Brandon Dickerson
2034,William Friedkin
2035,Paul Andrew Williams
2036,Chris Williams
2037,Benny Chan
2038,Demetri Martin
2039,Chi Keung Fung
2040,Corey Yuen
2041,Patrick Leung
2042,To-hoi Kong
2043,Jeff Baena
2044,Andrew Lau Wai-Keung
2045,Andrew Loo
2046,Michael Gallagher
2047,Hassan Hegazy
2048,Shady Ali
2049,Chris Jenkins
2050,Alexandre Avancini
2051,Ziga Virc
2052,Sam Voutas
2053,Alexander Nevsky
2054,Frank Ariza
2055,Jacob Schwab
2056,Alphonso J. Wesson
2057,Lenny Abrahamson
2058,Julius Avery
2059,Peter Sullivan
2060,Destin Daniel Cretton
2061,Alexis Morante
2062,Kobun Shizuno
2063,Fazila Allana
2064,Eric Abrams
2065,Peter Svatek
2066,Hiromasa Yonebayashi
2067,Agustí Villaronga
2068,Kristina Goolsby
2069,Ashley York
2070,Nisheeta Keni
2071,Harvey Glazer
2072,Stuart Stone
2073,Peyton Reed
2074,Ron Clements
2075,John Musker
2076,Chris Stokes
2077,Steven Fine
2078,Roman Coppola
2079,Denis Villeneuve
2080,Alejandro Doria
2081,Heber Cannon
2082,Sally Potter
2083,Clay Glen
2084,Steven Knight
2085,Ana Quiroga
2086,Harmony Korine
2087,Jean-Cosme Delaloye
2088,Natalia Garagiola
2089,Pamela Romanowsky
2090,Jonathan Glazer
2091,Esteban Crespo
2092,Anil Sharma
2093,Ganesh Kadam
2094,Anthony Scott Burns
2095,Nicholas McCarthy
2096,Adam Egypt Mortimer
2097,Gary Shore
2098,Sarah Adina Smith
2099,Kevin Kolsch
2100,Dennis Widmyer
2101,Ticoy Rodriguez
2102,Karl Mueller
2103,Philipp Stölzl
2104,Michael Curtiz
2105,Florian Gallenberger
2106,Harry Chaskin
2107,Jeff Orlowski
2108,Marti Noxon
2109,Allan Ungar
2110,Patrick Brice
2111,Christophe Honoré
2112,David M. Rosenthal
2113,Scott Zabielski
2114,Diego Cohen
2115,William Eubank
2116,Will Eubank
2117,John Dower
2118,Mark Harris
2119,Wi Ding Ho
2120,Thomas Sieben
2121,Joe Lynch
2122,Noam Murro
2123,Andreas Pichler
2124,Neslihan Yesilyurt
2125,Daniel Arasanz
2126,Joseph Martin
2127,Chapman Way
2128,Maclain Way
2129,Sylvie Verheyde
2130,Kasper Barfoed
2131,Phil Joanou
2132,Courtney Hunt
2133,Iain Softley
2134,Jonathan Hensleigh
2135,M. Night Shyamalan
2136,Richard Greenberg
2137,Nathan Morlando
2138,George C. Wolfe
2139,Rushmore DeNooyer
2140,Martin Gorst
2141,Giulia Clark
2142,Sarah Holt
2143,Terri Randall
2144,Doug Hamilton
2145,Peter Fison
2146,Graham Townsley
2147,Paula Apsell
2148,Kirk Wolfinger
2149,Oliver Twinch
2150,Llewellyn M. Smith
2151,Daniel McCabe
2152,Peter Yost
2153,Tom Stubberfield
2154,Noel Dockstader
2155,Quinn Kanaly
2156,Gail Willumsen
2157,Andy Fickman
2158,Barry Levinson
2159,Max Lang
2160,Jani Lachauer
2161,David Allensworth
2162,Monière
2163,Todd Phillips
2164,Ann Deborah Fishman
2165,Dominic Sena
2166,Ryu Jung-woo
2167,Matthew Shoychet
2168,Albert Hughes
2169,Allen Hughes
2170,Rob Minkoff
2171,Andrew Fleming
2172,Shawn Levy
2173,Lijo Jose Pellissery
2174,Raj Kaushal
2175,Noushad
2176,Anuranjan Premji
2177,Jason Bourque
2178,Johnson Esthappan
2179,K.C. Bokadia
2180,Greg MacGillivray
2181,Miguel Arteta
2182,P.K. Baaburaaj
2183,Vineeth Anil
2184,Katherine Brooks
2185,Jayan Vannery
2186,Bob Odenkirk
2187,Samir Soni
2188,Chandran Narikode
2189,Gafoor Y. Elliyaas
2190,Dileep Narayanan
2191,Paritosh Painter
2192,Venugopan
2193,Jay Chou
2194,Imtiaz Ali
2195,Juan Antonio de la Riva
2196,Jenée LaMarque
2197,Michael Radford
2198,Mariah Moore
2199,Marston Sawyers
2200,Saheed Arafath
2201,Jeffrey Nachmanoff
2202,P.T. Kunju Muhammad
2203,Huang Lei
2204,Bert Marcus
2205,Cyrus Saidi
2206,Shlok Sharma
2207,Adam Deyoe
2208,Nicolas Brossette
2209,Serdar Akar
2210,Castille Landon
2211,Martin Hodara
2212,Doesjka van Hoogdalem
2213,Asim Raza
2214,Sushil Majumdar
2215,Geetu Mohandas
2216,Paulo Oriol
2217,Li Jun
2218,Bilal Lashari
2219,Yasir Nawaz
2220,Oskar Santos
2221,Anders Sømme Hammer
2222,Marius Arnesen
2223,Klaus Erik Okstad
2224,Olav Njaastad
2225,Felix Thompson
2226,Ishaya Bako
2227,Ola Flyum
2228,David Hebditch
2229,Benny Fredman
2230,Hemant Gaba
2231,Pratim D. Gupta
2232,Sudhish Kamath
2233,Nalan Kumarasamy
2234,Sandeep Mohan
2235,Rajshree Ojha
2236,Raja Sen
2237,Abhinav Shiv Tiwari
2238,Suparn Verma
2239,Ivona Juka
2240,Mark Sloper
2241,Kunal Kohli
2242,Bryan Bertino
2243,J. Michael Long
2244,Milind Rau
2245,Nick Broomfield
2246,David Lowery
2247,Aaron Hancox
2248,Michael McNamara
2249,Noor Imran Mithu
2250,Paakhi Tyrewala
2251,Barbara Kopple
2252,Babak Anvari
2253,Sandy Chronopoulos
2254,Emily Hagins
2255,Eric Juhola
2256,Greg Richardson
2257,Dharmendra Suresh Desai
2258,Iman Brotoseno
2259,Anggy Umbara
2260,Garin Nugroho
2261,Sridhar Jetty
2262,Clive Tonge
2263,Nonzee Nimibutr
2264,Masaaki Yuasa
2265,Mahin Ibrahim
2266,Austin Kolodney
2267,Will Lowell
2268,David Beier
2269,Dave Dorsey
2270,Xu Zhang
2271,Alana Waksman
2272,Jon YonKondy
2273,Drue Metz
2274,Brandon Somerhalder
2275,José Eduardo Belmonte
2276,Hans Petter Moland
2277,Uwe Boll
2278,Ísold Uggadóttir
2279,Lorena Munoz
2280,Genevieve Nnaji
2281,Mitch Schauer
2282,Terry Loane
2283,Mamat Khalid
2284,Maria Demeshkina Peek
2285,Pang Ho-cheung
2286,Mario Mattei
2287,Selima Taibi
2288,Alejandra Márquez Abella
2289,Amarjit Virdi
2290,Kamal Sahani
2291,Dan Kwan
2292,Daniel Scheinert
2293,Brad Bird
2294,Fred Durst
2295,Marty Callner
2296,Sylvain Blais
2297,Yibrán Asuad
2298,John Hughes
2299,Luke Sparke
2300,Wim Wenders
2301,Nishil Sheth
2302,Byun Hyuk
2303,Javier Ambrossi
2304,Javier Calvo
2305,Peter Nicks
2306,Sébastien Betbeder
2307,Adam Bhala Lough
2308,Faozan Rizal
2309,Mansore
2310,Kuntz Agus
2311,Meisa Felaroze
2312,Adam Randall
2313,Michael McKay
2314,Alexandre Heboyan
2315,Benoît Philippon
2316,Laura Alvea
2317,José Ortuño
2318,Kim Seong-hun
2319,Isaac Florentine
2320,Marco Dutra
2321,Genndy Tartakovsky
2322,Andy Caballero
2323,Diego Corsini
2324,July Hygreck
2325,Paul Shoulberg
2326,Greg Whiteley
2327,Seren Yüce
2328,Jorge Blanco
2329,Law Wing-cheong
2330,Dash Shaw
2331,Mario Rouleau
2332,Santiago Diaz
2333,Pablo Martin Farina
2334,Ahmed Khaled Moussa
2335,Néstor Sánchez Sotelo
2336,Aniruddha Roy Chowdhury
2337,Chester Tam
2338,Mohit Suri
2339,Jon Schnitzer
2340,Craig Elrod
2341,Benjamin Cohen
2342,Nicolas Cotto
2343,Mike Rossiter
2344,Matt Angel
2345,Suzanne Coote
2346,Chris McCoy
2347,Sofia Coppola
2348,Jonathan Helpert
2349,André D'Elia
2350,Ivan Ayr
2351,Chris Baugh
2352,Jenny Carchman
2353,Tyler Perry
2354,G.J. Echternkamp
2355,Caryn Waechter
2356,Nicholas Stoller
2357,Tim Hill
2358,Numa Perrier
2359,Brian Helgeland
2360,Yoshiyuki Momose
2361,Colin Strause
2362,Greg Strause
2363,Jean-Marc Vallée
2364,Marc Abraham
2365,Steve Barker
2366,Rima Das
2367,Paco Plaza
2368,Andrew Goth
2369,Jeffrey G. Hunt
2370,William Kaufman
2371,Marek Kanievska
2372,Skye Borgman
2373,Hashim Nadeem Khan
2374,Mohsin Ali
2375,Svetlana Cvetko
2376,Sarjun
2377,Alejandro Lozano
2378,Michael Civille
2379,Feroz
2380,Syed Atif Ali
2381,Lee Seung-won
2382,Rik Reinholdtsen
2383,Stephanie Soechtig
2384,Jeremy Seifert
2385,John Asher
2386,M.J. Isakson
2387,Matt Toronto
2388,Michael Roberts
2389,Noah Moskin
2390,John H. Lee
2391,Ajay Bhuyan
2392,Rhiannon Bannenberg
2393,Bin Bunluerit
2394,Jennifer Brea
2395,Pradeep Verma
2396,Hannes Stöhr
2397,Marty Stalker
2398,Daniel Noah
2399,Andreas Prochaska
2400,Maximilian Erlenwein
2401,John Carchietta
2402,Burhan Qurbani
2403,David Benioff
2404,D.B. Weiss
2405,Patryk Vega
2406,Charles Officer
2407,Peter Sattler
2408,Marcelo González
2409,Zach Clark
2410,N.D. Wilson
2411,Sean Penn
2412,Gauravv K Chawla
2413,David O. Russell
2414,Kleber Mendonça Filho
2415,Hubert Woroniecki
2416,Alistair Legrand
2417,Steve Boettcher
2418,Julian Jarrold
2419,Quinn Lasher
2420,David Mrnka
2421,John Mikulak
2422,Joshua Brown
2423,Maya Forbes
2424,Choi Jin-seong
2425,Ira Sachs
2426,Mir-Jean Bou Chaaya
2427,Peter Hewitt
2428,Dan Villegas
2429,Bent-Jorgen Perlmutt
2430,Hugo Stuven
2431,Greg Pritikin
2432,Amman Abbasi
2433,Tom Green
2434,Mike Gunther
2435,Fred Olen Ray
2436,Johannes Roberts
2437,Heitor Dhalia
2438,Jeannie Gaffigan
2439,Robert Luketic
2440,Mark Rosman
2441,Sarah Smith
2442,Edwin
2443,James L. Brooks
2444,Vadim Jean
2445,Nicholas Hytner
2446,Tim Burton
2447,Ken Hughes
2448,Fernando Meirelles
2449,Katia Lund
2450,Matt Reeves
2451,Thomas Carter
2452,Jay Roach
2453,Mike Newell
2454,Colin Teague
2455,Doug Lefler
2456,Paul W.S. Anderson
2457,James Wong
2458,Simon Wincer
2459,Marcus Nispel
2460,Mark A.Z. Dippé
2461,Kyung Ho Lee
2462,Eondeok Han
2463,Mark Steven Johnson
2464,Danny Leiner
2465,Christopher Nolan
2466,Eugenio Derbez
2467,John A. Davis
2468,Nora Ephron
2469,James Mangold
2470,Peter Farrelly
2471,Bobby Farrelly
2472,Gary Fleder
2473,Luis Valdez
2474,Zack Snyder
2475,Duncan Jones
2476,Howard Zieff
2477,Justin Webster
2478,Guillermo del Toro
2479,Oren Peli
2480,Tetsuo Yajima
2481,John Lyde
2482,Steve Rash
2483,Keenen Ivory Wayans
2484,John Stockwell
2485,Gregg Bishop
2486,Chris Koch
2487,Baz Luhrmann
2488,Michael Pressman
2489,Steve Barron
2490,Andrew Douglas
2491,Jay Chandrasekhar
2492,Robert Berlinger
2493,Ricky Gervais
2494,Matthew Robinson
2495,Peter Jackson
2496,Martin Campbell
2497,Mimi Leder
2498,Gore Verbinski
2499,Anthony Minghella
2500,Ron Underwood
2501,S.S. Wilson
2502,Brent Maddock
2503,Henry Hathaway
2504,Robert Zemeckis
2505,Mel Stuart
2506,Lawrence Kasdan
2507,Nicole Conn
2508,Julie Taymor
2509,Alejandro G. Iñárritu
2510,Yanyong Kuruaungkoul
2511,Ridley Scott
2512,Joe Roth
2513,Mark Landre Gould
2514,Lori Kaye
2515,William H. Macy
2516,Massy Tadjedin
2517,Guy Ritchie
2518,Lenin Bharathi
2519,James Foley
2520,Kunihiko Yuyama
2521,Ranjit Jeyakodi
2522,Ram
2523,Mark Herman
2524,Ben A. Williams
2525,Stephen Daldry
2526,John Fortenberry
2527,Chandrakant Kulkarni
2528,Uttung Shelar
2529,Greg Kohs
2530,Lisa Arnold
2531,Bedabrata Pain
2532,Reiner Holzemer
2533,Nagraj Manjule
2534,Bob Rose
2535,Abba T. Makama
2536,Joe Dietsch
2537,Louie Gibson
2538,Chris Sivertson
2539,Amar Gupte
2540,Sooraj R. Barjatya
2541,Sachin
2542,Amardeep Singh Gill
2543,Jon M. Chu
2544,Ben Patterson
2545,Santosh Manjrekar
2546,Victor Dal Chele
2547,Alfred Gimeno
2548,Kiki Goshay
2549,Jacqueline Monetta
2550,Peter Pardini
2551,Lars von Trier
2552,Rebecca Zlotowski
2553,René Pérez Joglar
2554,Rajeev Patil
2555,Sudesh Manjrekar
2556,Kevin Phillips
2557,Jee-woon Kim
2558,Satish Manwar
2559,Alison MacLean
2560,David Koepp
2561,Dan Bush
2562,Sam Hobkinson
2563,Karan Bali
2564,Rohit Mittal
2565,Steve Hickner
2566,Simon J. Smith
2567,Matt Kugelman
2568,Hari Viswanath
2569,Pieter-Jan De Pue
2570,Miriam Chandy Menacherry
2571,Edward Ellis
2572,Flor Salcedo
2573,Aaron Woolf
2574,Abhishek Chaubey
2575,Charlie Haskell
2576,Koichi Sakamoto
2577,James Barr
2578,Sorin Dan Mihalcescu
2579,Harold Cronk
2580,Roberta Grossman
2581,Sophie Sartain
2582,David Bruckner
2583,Tamta Gabrichidze
2584,Ari Sandel
2585,Caradog W. James
2586,Tom Stern
2587,Kelly Duane de la Vega
2588,Julio Medem
2589,Deane Taylor
2590,Luis Javier M. Henaine
2591,Mathias Malzieu
2592,Stéphane Berla
2593,Jenna Laurenzo
2594,Hark Tsui
2595,Bob Nelson
2596,Trevor Ryan
2597,Michael Showalter
2598,Stephen Cone
2599,Julius Onah
2600,Jordan Ross
2601,Krishna Agazzi
2602,Filippo Gastaldi
2603,Alison E. Rose
2604,Roland Joffé
2605,Craig Moss
2606,Wade Allain-Marcus
2607,Jesse Allain-Marcus
2608,Malik Vitthal
2609,Vonda Harrell
2610,Daniel Camenisch
2611,Fabio Guaglione
2612,Fabio Resinaro
2613,Carlos Vermut
2614,Shaina Allen
2615,Joey Kern
2616,Hong-seon Kim
2617,Lilibet Foster
2618,J.C. Falcón
2619,Sridhar Rangayan
2620,Saw Teong Hin
2621,Nik Amir Mustapha
2622,M.S. Prem Nath
2623,Abhinay Deo
2624,Jesse Peretz
2625,Michael Blieden
2626,Sherwin Shilati
2627,Mark Columbus
2628,Lauren Hoekstra
2629,Sarah Kruchowski
2630,Ryan Moody
2631,Simon Savelyev
2632,Vanita Shastry
2633,Shadae Lamar Smith
2634,Jeremy David White
2635,Dejan Zečević
2636,Pascale Lamche
2637,Lô Politi
2638,Yuen Wo-Ping
2639,Joshua Oppenheimer
2640,Charles Martin Smith
2641,Pawan K Shrivastava
2642,Tomas Portella
2643,Kazuchika Kise
2644,Macon Blair
2645,Mar Targarona
2646,Steven Gomez
2647,Robert Cannan
2648,Ross Adam
2649,Aruna Raje
2650,Alex Lehmann
2651,Elisabeth Vogler
2652,Brian A. Miller
2653,Adam Smith
2654,Benjamin Ree
2655,Susannah Ward
2656,Sam Taplin
2657,Kasia Uscinska
2658,Vicky Matthews
2659,Woo Min-ho
2660,Nicky Slimting Walker
2661,Hang-Jun Jang
2662,Kurt Voelker
2663,Constance Marks
2664,Paul Miller
2665,Michael Del Monte
2666,Andreas Johnsen
2667,Nora Twomey
2668,Chris Blake
2669,Johnny Kevorkian
2670,Amshan Kumar
2671,David L.G. Hughes
2672,Ildiko Enyedi
2673,You-Jeong Chang
2674,Richard Bates Jr.
2675,Steve McLean
2676,Gregory Caruso
2677,Benjamin Arfmann
2678,Fumihiko Sori
2679,Shin-yeon Won
2680,Keith Scholey
2681,Juan Pablo Buscarini
2682,Keiichi Sato
2683,Yasushi Kawamura
2684,Chad Van De Keere
2685,Suseenthiran
2686,Lucky McKee
2687,Cecilia Peck
2688,Sanjeev Gupta
2689,Paul Tanter
2690,Matt Tyrnauer
2691,Stephan Rick
2692,Mariano Baez
2693,Stephanie Laing
2694,Logan Kibens
2695,Vincent Perez
2696,Carlos Marques-Marcet
2697,Prasanth Varma
2698,Gangadhar Salimath
2699,Daniel J. Clark
2700,Shanawaz Nellikunnil
2701,Danny J. Boyle
2702,Rajat Kapoor
2703,Lars Kaalund
2704,Hari Nath
2705,Josh Webber
2706,Adam Collins
2707,Luke Radford
2708,Saket Chaudhary
2709,Tanuja Chandra
2710,Jackie van Beek
2711,Madeleine Sami
2712,Blair Hayes
2713,Sachin Kamlakar Khot
2714,Tolga Örnek
2715,Daniel Monzón
2716,Sung-soo Kim
2717,Chandrakant Kanse
2718,Atul Kale
2719,Avadhoot Gupte
2720,Sanjay Soorkar
2721,Thomas Stuber
2722,Christopher Chambers
2723,Giulio Base
2724,Sam Dunn
2725,Scot McFadyen
2726,Raúl Arévalo
2727,Matías Bize
2728,Alex Holmes
2729,Tanuj Chopra
2730,Anand Tiwari
2731,Michael Paul Stephenson
2732,Colin Dench
2733,Jesús Magaña Vázquez
2734,Corey Grant
2735,Shaul Schwarz
2736,Christina Clusiau
2737,Rayka Zehtabchi
2738,Jevons Au
2739,Zune Kwok
2740,Chow Kwun-wai
2741,Ng Ka-Leung
2742,Wong Fei-Pang
2743,Olivier Assayas
2744,Jeremiah Zagar
2745,Afonso Poyart
2746,Joachim Fest
2747,Christian Herrendoerfer
2748,Bruce Sinofsky
2749,Adam Davis
2750,Jerry Kolber
2751,Trey Nelson
2752,Erich Sturm
2753,Chris Weitz
2754,Paul Weitz
2755,Brad Peyton
2756,Hsu Chih-yen
2757,Mag Hsu
2758,Emma Hatherley
2759,Meghna Gulzar
2760,Eddie Martin
2761,Kelly Noonan
2762,Rick Morales
2763,Stephen Murray
2764,Michael Winnick
2765,Kelly Fremon Craig
2766,Kyle Rankin
2767,Pramod Pawar
2768,Dan Gilroy
2769,Rebecca Harrison
2770,Milla Harrison-Hansley
2771,Alicky Sussman
2772,Storm Theunissen
2773,Fisher Stevens
2774,Neil Triffett
2775,Tom O'Dell
2776,John Trengove
2777,Ui-seok Jo
2778,Michael Mayer
2779,Amber Tamblyn
2780,Jakob Schuh
2781,Marina Zenovich
2782,Carlos Bolado
2783,Gurvinder Singh
2784,Rohit Shetty
2785,Anjali Nayar
2786,Farah Khan
2787,Joaquín Mazón
2788,Adam Sjöberg
2789,John Stewart Muller
2790,Leandro Mark
2791,Nicolás Silbert
2792,Pulkit
2793,Jennie Livingston
2794,Oscar Micheaux
2795,Spencer Williams
2796,Richard E. Norman
2797,Richard Maurice
2798,Jonás Trueba
2799,Peter DeLuise
2800,Robbie Countryman
2801,Jason James
2802,Nic Mathieu
2803,Pierre Morel
2804,Sujeeth
2805,Agasyah Karim
2806,Khalid Kashogi
2807,Jonathan Sobol
2808,Kiran Rao
2809,David E. Talbert
2810,Abbas Tyrewala
2811,Bhagyaraj
2812,Anusha Rizvi
2813,Mahmood Farooqui
2814,Aamir Khan
2815,Baltasar Kormákur
2816,Chris Kelly
2817,Karey Kirkpatrick
2818,Marco Risi
2819,Anne Fletcher
2820,Marek Losey
2821,Andy Serkis
2822,Mat King
2823,Brian Oakes
2824,Drew Heriot
2825,BB Sasore
2826,Pascal Amanfo
2827,Atsuko Ishizuka
2828,Eric Aghimien
2829,Taki Oldham
2830,Bruce Robinson
2831,Joel Crawford
2832,Roman Gackowski
2833,Benjamin Dickinson
2834,Mads Matthiesen
2835,Simon Baker
2836,Fernando Moro
2837,Kasra Farahani
2838,Ladislas Chollat
2839,Michael Mason
2840,Ofir Raul Graizer
2841,Sacha Wolff
2842,Ravi Babu
2843,Sandeep Chatterjee
2844,Shivam Nair
2845,Soumitra Ranade
2846,Manmohan Desai
2847,Manish Jha
2848,Raja Menon
2849,Hrishikesh Mukherjee
2850,Sagar Sarhadi
2851,Jon Rosenbaum
2852,Raj Kapoor
2853,David Carson
2854,Tom Holland
2855,Tanveer Khan
2856,Chandra Barot
2857,Ajay Phansekar
2858,Partho Ghosh
2859,David Mirkin
2860,Prakash Mehra
2861,Bruce Leddy
2862,Shirish Kunder
2863,Radhu Karmakar
2864,Ahishor Solomon
2865,Tinnu Anand
2866,Sai Paranjape
2867,Gulzar
2868,Remy Kohli
2869,Shekhar Kapur
2870,Karan Lalit Butani
2871,Abhishek Saxena
2872,Basu Chatterjee
2873,Sanjay Dayma
2874,John Milius
2875,Amit Rai
2876,Raman Kumar
2877,Balu Mahendra
2878,Raj N. Sippy
2879,Tariq Khan
2880,Michael Apted
2881,Roger Spottiswoode
2882,Sanjay Patel
2883,Ashu Trikha
2884,Kushal Srivastava
2885,Chandra Prakash Dwivedi
2886,Chris Bould
2887,Kevin Booth
2888,David Johndrow
2889,Paul M. Green
2890,Julio Fernández Talamantes
2891,Walter C. Miller
2892,Tommy Avallone
2893,Ellen Brown
2894,Matt Askem
2895,Rob Zombie
2896,Gary Cohen
2897,Ross Hockrow
2898,Nils Tavernier
2899,Alethea Jones
2900,Guy Vasilovich
2901,Rich Ragsdale
2902,Dana Doron
2903,Uriel Sinai
2904,Hidetaka Inazuka
2905,James Brown
2906,Paul Schrader
2907,Diego Luna
2908,Brittany Andrews
2909,Tim Blake Nelson
2910,André Øvredal
2911,Jay Baruchel
2912,Rodrigo Van Der Put
2913,John Michael McDonagh
2914,Theo Davies
2915,Benoît Jacquot
2916,Fernando Frías De La Parra
2917,John Hillcoat
2918,Måns Mårlind
2919,Björn Stein
2920,Ludovic Bernard
2921,Jason Moore
2922,Yuki Yamato
2923,Álvaro Brechner
2924,Levan Tsikurishvili
2925,Rakesh Mehta
2926,Mat Whitecross
2927,Gonzalo Bendala
2928,Stefan Aust
2929,Dirk Laabs
2930,Biyi Bandele
2931,Andrew Wessels
2932,Emir Kusturica
2933,Chris Renaud
2934,Odunlade Adekola
2935,Jason Stone
2936,Detlev Buck
2937,Luis Prieto
2938,Elisa Fuksas
2939,Vic Armstrong
2940,Lee Toland Krieger
2941,Noël Wells
2942,Marc Francis
2943,Max Pugh
2944,Alik Sakharov
2945,Tony Giglio
2946,Akiyuki Shinbo
2947,Nobuyuki Takeuchi
2948,Ron Oliver
2949,Shojiro Nishimi
2950,Guillaume Renard
2951,J.D. Dillard
2952,Anthony Russo
2953,Joe Russo
2954,Michael Petroni
2955,Erik Nelson
2956,Ritu Sarin
2957,Tenzing Sonam
2958,Pepe Bojórquez
2959,Daniel Kontur
2960,Jorge Michel Grau
2961,Riki Lindhome
2962,Jeremy Konner
2963,Ross Boyask
2964,Bruce Beresford
2965,Louise Alston
2966,Sunkanmi Adebayo
2967,Kheiron
2968,Susanne Bier
2969,Irek Dobrowolski
2970,Josh Mendoza
2971,Diego Kaplan
2972,Ari Levinson
2973,George Ford
2974,Falz
2975,Hasraf Dulull
2976,Gilbert Chan
2977,Rarecho
2978,Steve Cheng
2979,Sam Loh
2980,Jason Lai
2981,Marco Deufemia
2982,Lydia Tenaglia
2983,Thomas Astruc
2984,Pablo Parés
2985,David Grossman
2986,Mario Cambi
2987,Luc Vinciguerra
2988,Ahsan Rahim
2989,Yorgos Lanthimos
2990,Michael Barrett
2991,Adam Nimoy
2992,Elizabeth Wood
2993,Rodrigo Reyes
2994,Samit Kakkad
2995,Kenny Young
2996,Peter Orton
2997,Emil Ben-Shimon
2998,Julia Hart
2999,Mark Lewis
3000,Joel Gallen
3001,Rob W. King
3002,Ian MacAllister-McDonald
3003,L. Frazier
3004,Paul Reubens
3005,Wayne Orr
3006,Sebastian DiNatale
3007,Prasobh Vijayan
3008,Ekachai Uekrongtham
3009,Jay Surridge
3010,Jayson Thiessen
3011,Steve Antin
3012,Nuhash Humayun
3013,Syed Ahmed Shawki
3014,Rahat Rahman
3015,Robiul Alam Robi
3016,Golam Kibria Farooki
3017,Mir Mukarram Hossain
3018,Tanvir Ahsan
3019,Mahmudul Islam
3020,Abdullah Al Noor
3021,Krishnendu Chattopadhyay
3022,Syed Saleh Ahmed Sobhan
3023,Brendon Marotta
3024,Sriram Raghavan
3025,Elaine Bogan
3026,John Sanford
3027,Michael Cuesta
3028,David Cronenberg
3029,Thom Zimny
3030,James Marsh
3031,Gordon Chan
3032,Vikram Gandhi
3033,Sean Hanish
3034,David Shisgall
3035,Mark Williams
3036,Karan Anshuman
3037,Obi Emelonye
3038,Farhan Akhtar
3039,Mrighdeep Singh Lamba
3040,Reema Kagti
3041,Brodje Wemboendja
3042,Jadesola Osiberu
3043,Vijay Lalwani
3044,Shirley Frimpong-Manso
3045,Hiroshi Aoyama
3046,Kazumi Fukushima
3047,Jim Stenstrum
3048,Phil Roman
3049,Téo Frank
3050,Sean Olson
3051,Sigrid Andrea Bernardo
3052,Guillermo de Oliveira
3053,Elliot Hegarty
3054,Manoj Beedha
3055,Vikram Bhatt
3056,Jody Lambert
3057,Agnidev Chatterjee
3058,Todd Standing
3059,Marc Levin
3060,Manbhavan Singh
3061,Pa. Ranjith
3062,Ignacio López Escrivá
3063,Rahat Kazmi
3064,Nicholas Kharkongor
3065,Varun Narvekar
3066,Seth Henrikson
3067,Devaki Singh
3068,Luke Kenny
3069,Benson Lee
3070,Antonio Serrano
3071,Chris Burkard
3072,Sinan Akkuş
3073,Matt Bell
3074,Hardik Mehta
3075,Ehtesham Uddin
3076,Elite Zexer
3077,Pedro Morelli
3078,John Banas
3079,Wim Bonte
3080,Bruce MacDonald
3081,Gabriel Sabloff
3082,Mike Nicoll
3083,Robert O. Peters
3084,Bunmi Ajakaiye
3085,Biodun Stephen
3086,M.J. Bassett
3087,Ding-Lin Wang
3088,Richard van't Riet
3089,John Hoffman
3090,Nanfu Wang
3091,Michael Winterbottom
3092,Jean-Pierre Dardenne
3093,Luc Dardenne
3094,Gurinder Chadha
3095,Gabriela Cowperthwaite
3096,Josh Greenbaum
3097,Shonali Bose
3098,Adam Alleca
3099,Craig Anderson
3100,Michael G. Kehoe
3101,Hiroshi Katagiri
3102,Ivan Sen
3103,Anthony Caronna
3104,Alexander Smith
3105,Jeffrey C. Bell
3106,Michelle Johnston
3107,Vijay Kumar Arora
3108,Matt Shakman
3109,Serge Ou
3110,Gaurav Bavdankar
3111,David Raynr
3112,Jagdeep Sidhu
3113,Malik Bendjelloul
3114,Jamie M. Dagg
3115,Tanawat Aiemjinda
3116,Brendan Malloy
3117,Emmett Malloy
3118,Mukesh Vohra
3119,Nekfeu
3120,Tudor Giurgiu
3121,Cheang Pou Soi
3122,Enrique García Meza
3123,Katarina Launing
3124,Gabriel Clarke
3125,Torquil Jones
3126,Lawrence Cheng
3127,Prakash Balwant Saini
3128,Nam Ron
3129,Leung Lok Man
3130,Luk Kim-ching
3131,Jazz Boon
3132,Felix Chong
3133,Dhanush
3134,Gary Mak
3135,Liu Jiang
3136,Blake Harris
3137,Chris Bouchard
3138,Evan Spiridellis
3139,Jeff Gill
3140,Jasbir Bijendra Bhati
3141,Tristan Ferland Milewski
3142,Harjit Singh
3143,Jon Carey
3144,Adam Darke
3145,Jennifer Lynch
3146,Leopoldo Aguilar
3147,Nana Ekvtimishvili
3148,Simon Gross
3149,Olivier Jean-Marie
3150,Joseph Sargent
3151,Ashish R. Shukla
3152,Peter Spirer
3153,Ali F. Mostafa
3154,Myles Kane
3155,Josh Koury
3156,Robert McCullough Jr.
3157,Shrihari Sathe
3158,Ralph Macchio
3159,Ricardo Maldonado
3160,Vetrimaaran
3161,Chad L. Scheifele
3162,Linas Phillips
3163,Jeff Margolis
3164,Einar Gabbassov
3165,Bauddhayan Mukherji
3166,Mark Risley
3167,Susan Lambert
3168,Stefan Moore
3169,Tim Johnson
3170,Robert Moresco
3171,Aadish Keluskar
3172,Joe Murray
3173,Cosmo Segurson
3174,Jesse Moss
3175,Michael Fahey
3176,Alejandro Montiel
3177,Ian Cheney
3178,Jesse Gustafson
3179,Shin Won-ho
3180,Nancy Schwartzman
3181,Darren Lynn Bousman
3182,John Papola
3183,Osman Ali
3184,Rolfe Kanefsky
3185,Billy Corben
3186,Joe DeMaio
3187,Rob Silvestri
3188,Alex Burunova
3189,Jesús Torres Torres
3190,Matthias Hoene
3191,Chris Nahon
3192,Ringo Lam
3193,Alex Coletti
3194,Mark Osborne
3195,Christian De Vita
3196,Abhishek Varman
3197,Sabir Khan
3198,Nikhil Nagesh Bhat
3199,Xiaoxing Yi
3200,Yoshitaka Takeuchi
3201,Haoling Li
3202,Bryan Fogel
3203,Fabrice Du Welz
3204,Wong Jing
3205,Mateo Gil
3206,Rémy Four
3207,Julien War
3208,Jota Linares
3209,Will Lockhart
3210,Cole D. Pruitt
3211,Erwin van den Eshof
3212,Lauren Miller Rogen
3213,Joseph Mbah
3214,Wagner de Assis
3215,Robert Adetuyi
3216,White Trash Tyler
3217,Van M. Pham
3218,Gaby Dellal
3219,Chris Bell
3220,John Barnard
3221,Philip Yung
3222,Aaron Burns
3223,Abdellatif Kechiche
3224,Christopher Louie
3225,Tim Rouhana
3226,Ana Kokkinos
3227,Jordan Brady
3228,Keiko Yagi
3229,Cate Shortland
3230,Adam Wingard
3231,Mohd Khairul Azri Bin Md Noor
3232,Daniela Goggi
3233,Toby Haynes
3234,Yeung Yat-Tak
3235,Keith L. Smith
3236,Todd Biermann
3237,Patrick Graham
3238,Han Qing
3239,Ian Edelman
3240,Robert McCallum
3241,Rai Yuvraj Bains
3242,Sunil Thakur
3243,Muh Chen
3244,Saurabh Sinha
3245,Ari Folman
3246,Bassam Kurdali
3247,Brian O'Malley
3248,Michael Seater
3249,Steven Bognar
3250,Julia Reichert
3251,Ashwin Saravanan
3252,Jun Lana
3253,Ashwiny Iyer Tiwari
3254,Atlee Kumar
3255,Ravi Udyawar
3256,R. Balki
3257,Shree Narayan Singh
3258,Salima Koroma
3259,Woo Ming Jin
3260,Shamyl Othman
3261,Michael Mazzola
3262,Julia Knowles
3263,Scott Marshall Smith
3264,Dean Wright
3265,Camille Shooshani
3266,Lesli Linka Glatter
3267,Vijay Kumar
3268,Michael Thelin
3269,Khalid Mohamed
3270,Sanjay Leela Bhansali
3271,Punit Malhotra
3272,Prem Soni
3273,Clarence Yiu-leung Fok
3274,Prabhu Deva
3275,Mandeep Kumar
3276,Michael Drumm
3277,Fabrizio Copano
3278,Augusto Matte
3279,Esteban Vidal
3280,Liu Jie
3281,Ding Sheng
3282,Justin Krook
3283,Gervasio Iglesias
3284,Will Gluck
3285,Tommy Wirkola
3286,Michael Carney
3287,Manuel Martín Cuenca
3288,Y. Joon Chung
3289,Mark Murphy
3290,Tarsem Singh
3291,Michael Tiddes
3292,Kepa Sojo
3293,Chia-Liang Liu
3294,Sze Yu Lau
3295,Li Pei-Chuan
3296,Anthony Chan
3297,Siu-hung Chung
3298,Chia Tang
3299,Alex Law
3300,Herman Yau
3301,Johnny To
3302,Zach Braff
3303,Binayak Das
3304,Cho Li
3305,Chen Hung-yi
3306,Weica Wang
3307,Liu Bang-yao
3308,Lin Guan-fu
3309,Shen Chi
3310,YC Tom Lee
3311,Kyle Rideout
3312,Viju Mane
3313,Girish Mohite
3314,Ravi Jadhav
3315,Rucha Humnabadkar
3316,Scott Cooper
3317,Matthew Salleh
3318,Nathaniel Warsh
3319,Anthony Wonke
3320,Ashim Ahluwalia
3321,Robert Nixon
3322,Manu Ashokan
3323,James Lee
3324,Anita Udeep
3325,Alberto Arnaut Estrada
3326,Barak Goodman
3327,Max McGill
3328,Victor Zarcoff
3329,Jean-Claude La Marre
3330,Jorge Hernandez Aldana
3331,Majid Majidi
3332,Jake Szymanski
3333,Floyd Russ
3334,Susan Glatzer
3335,Will Canon
3336,Barney Clay
3337,Khaled El Halafawy
3338,Todor Chapkanov
3339,Louis Leterrier
3340,Prawal Raman
3341,Rajesh Mapuskar
3342,Alexandre Aja
3343,Kazuaki Kiriya
3344,Phanindra Narsetti
3345,Bharat Nalluri
3346,John G. Avildsen
3347,Sylvester Stallone
3348,Nancy Meyers
3349,Beeban Kidron
3350,Paul Raschid
3351,Mel Smith
3352,Jesse Handsher
3353,Olivier Roland
3354,Bradley Parker
3355,Vishnu Govindhan
3356,Alan Mak
3357,Pablo Giorgelli
3358,Jijo Pancode
3359,Andrés Couturier
3360,Suresh Pillai
3361,B.N. Shajeer Sha
3362,Hua Shan
3363,Amaan Khan
3364,Pablo D'Alo Abba
3365,Binu Ulahhannan
3366,Anil Thomas
3367,Sabu Varghese
3368,Charlie Lightening
3369,Kiran Narayanan
3370,Richard Correll
3371,Amir Mohiuddin
3372,Zakariya
3373,Maria Burton
3374,Charlie Vaughn
3375,Avinash Das
3376,Paul Serafini
3377,April Mullen
3378,Tom Tykwer
3379,Ben Steele
3380,John Butler
3381,Ali Scher
3382,Maz Jobrani
3383,Isaac Rentz
3384,Christopher Murray
3385,Kevin Ford
3386,Smriti Keshari
3387,Eric Schlosser
3388,David Briggs
3389,Neil Rawles
3390,Claude Lelouch
3391,J.F. Musial
3392,Josh Vietze
3393,John Smithson
3394,Neil Armfield
3395,Cal Saville
3396,Christopher Martin
3397,Tom Whitter
3398,Will Graham
3399,James Duffy
3400,Jonathan van Tulleken
3401,Elizabeth Banks
3402,Patrik Forsberg
3403,James Gunn
3404,Brian M. Conley
3405,Nathan Ives
3406,Lena Khan
3407,David Wnendt
3408,Suman Mukhopadhyay
3409,Karthik Subbaraj
3410,Brian Smrz
3411,Ester Gould
3412,Reijer Zwaan
3413,Joe Swanberg
3414,Maria Pulera
3415,Marja Lewis Ryan
3416,Ryan Koo
3417,Hatem Khraiche
3418,Derek Peck
3419,Jennifer Morrison
3420,Mitzi Vanessa Arreola
3421,Amir Galvan Cervera
3422,Nicolas Pesce
3423,Jeremiah Jones
3424,Dave Patten
3425,Prabhuraj
3426,Jean-Simon Chartier
3427,Thomas Meadmore
3428,Brie Larson
3429,Katherine Fairfax Wright
3430,Hèctor Hernández Vicens
3431,Holger Tappe
3432,C.J. Wallis
3433,Çagan Irmak
3434,Amit Roy
3435,Teddy Lussi-Modeste
3436,Daniel Lee
3437,Kader Aoun
3438,Abhay Chopra
3439,Lee Chang-dong
3440,Kranti Kanade
3441,Dar Gai
3442,Jon Greenhalgh
3443,Christopher S. Rech
3444,Brandon Kimber
3445,Kitty Green
3446,Evan Katz
3447,Andrea Arnold
3448,Dawn Porter
3449,Ben Shelton
3450,Curro Velázquez
3451,Laura Brownson
3452,Robert Smigel
3453,Khaled Youssef
3454,Wael Ehsan
3455,Joachim Rønning
3456,Espen Sandberg
3457,Sathyan Anthikad
3458,Wayne Blair
3459,Max Amini
3460,Dimitri Logothetis
3461,Simon Stone
3462,Yam Laranas
3463,Ahmad Samir Farag
3464,Jason Sussberg
3465,David Alvarado
3466,Célia Catunda
3467,Kiko Mistrorigo
3468,Rodrigo Eba
3469,Gauri Shinde
3470,Oliver Schmitz
3471,Felix Herngren
3472,Måns Herngren
3473,Camilla Nielsson
3474,Sabal Singh Shekawat
3475,Adam Del Giudice
3476,Robert Tate
3477,Gareth Sacala
3478,Louise Wardle
3479,Shalini Kantayya
3480,Dennis Scholl
3481,Kareem Tabsch
3482,Fernando Coimbra
3483,Adam Leon
3484,Bille August
3485,Fab Five Freddie
3486,Rebecca Addelman
3487,Olivia Milch
3488,Mark Raso
3489,Heather Walsh
3490,Dylan C. Brown
3491,Shelly Chopra Dhar
3492,Shanjey Kumar Perumal
3493,Jarrad Paul
3494,Andrew Mogel
3495,Michael Doneger
3496,Sandra Restrepo
3497,Ken Loach
3498,Sarthak Dasgupta
3499,Jennifer Kaytin Robinson
3500,Christopher Loren Ewers
3501,Erik Ewers
3502,Renato De Maria
3503,Pedro Coutinho
3504,Jason Kwan
3505,Moataz El Tony
3506,Ossama Abu El Atta
3507,Simon Verhoeven
3508,Alan Rickman
3509,Hasan Karacadağ
3510,Dylan Haegens
3511,Bas van Teylingen
3512,Beyoncé Knowles-Carter
3513,Jon Lucas
3514,Scott Moore
3515,Richard Curtis
3516,Tom Shadyac
3517,Bill Oliver
3518,Jennifer Beamish
3519,Toby Trackman
3520,Gabe Klinger
3521,David Gordon Green
3522,Anant Balani
3523,Soukarya Ghosal
3524,Amitabha Singh
3525,Carly Stone
3526,Liam O'Donnell
3527,Bruce Gowers
3528,Enrico Bisi
3529,Michael Lennox
3530,Andrea Molaioli
3531,Aaron Nee
3532,Adam Nee
3533,Felix Van Groeningen
3534,Felix van Groeningen
3535,Josh Alexander
3536,Greg Young
3537,Ken Barbet
3538,Dallas Jackson
3539,Sam Taylor-Johnson
3540,Marie Madinier
3541,Miguel Ángel Lamata
3542,Antonio Chavarrías
3543,Tiller Russell
3544,Gabriel Julien-Laferrière
3545,Yeo Siew Hua
3546,Joshua Marston
3547,Eleonore Pourriat
3548,Zoe Lister-Jones
3549,Mike Wiluan
3550,Ayush Raina
3551,Chris Nelson
3552,Peter Webber
3553,Raphael Erichsen
3554,Lee Kyoungmi
3555,Yim Pilsung
3556,Jeon Go-woon
3557,Kim Jong-kwan
3558,Michael Kennedy
3559,John R. Leonetti
3560,Grant S. Johnson
3561,Ippsie Jones
3562,Shravan Kumar
3563,Julien Christian Lutz
3564,Nick Davis
3565,Jason Winer
3566,Huang Jianming
3567,Laura VanZee Taylor
3568,Gerry Hoban
3569,Tianyu Zhao
3570,Richard LaGravenese
3571,Mark Palansky
3572,Shazia Ali Khan
3573,Stacy Title
3574,Bumpy
3575,Erik White
3576,Ben Brewer
3577,Alex Brewer
3578,Victoria Bromley
3579,Philip G. Atwell
3580,Stephen Gyllenhaal
3581,Diego Lerman
3582,Don Bluth
3583,Phil Nibbelink
3584,Larry Latham
3585,Phil Weinstein
3586,Kaspar Astrup Schröder
3587,Gary David Goldberg
3588,Raj Amit Kumar
3589,Keith Malloy
3590,Nanette Burstein
3591,Jocelyn Moorhouse
3592,Luca Vullo
3593,Jared Cohn
3594,Tathagata Banerjee
3595,Ananda Krishnan
3596,Amol Palekar
3597,Atanu Mukherjee
3598,Billy Ray
3599,Esteban Sapir
3600,Stephen Amezdroz
3601,Benedict Andrews
3602,Sushrut Jain
3603,Gayane Petrosyan
3604,Shivendra Singh Dungarpur
3605,Alexandre Reinecke
3606,Philipp Eichholtz
3607,Jamal Hill
3608,Daniel Gordon
3609,K. Ramanlal
3610,Maris Curran
3611,John Edginton
3612,Avinash Arun
3613,Ed Gass-Donnelly
3614,Jason Spingarn-Koff
3615,Takuya Igarashi
3616,A. Salaam
3617,Jason Cohen
3618,Eduardo Casanova
3619,Keith Fulton
3620,Louis Pepe
3621,Rudradeep Bhattacharjee
3622,Daniel Burman
3623,Kike Maíllo
3624,Zatella Beatty
3625,Ralph Hemecker
3626,Gwyneth Horder-Payton
3627,Milan Cheylov
3628,Dean White
3629,Michael Waxman
3630,Bryan Spicer
3631,Danny Cannon
3632,Hayato Date
3633,Michael Cumming
3634,Go Koga
3635,Everardo Gout
3636,Bhavik Thakore
3637,Phil Sgriccia
3638,Rob Seidenglanz
3639,Jesse Warn
3640,Glen Winter
3641,Carlos Sedes
3642,James Bamford
3643,Philippa Lowthorpe
3644,Ian Barber
3645,Gordon Anderson
3646,Vijay Roche
3647,Stefan Brogren
3648,Peter McDonnell
3649,Tony Collingwood
3650,Yasuhiro Irie
3651,James Hawes
3652,Jung-ah Im
3653,Seung-uk Jo
3654,Andy Devonshire
3655,Onur Ünlü
