network_name,network_id
HBO,1
Netflix,2
Antena 3,3
AMC,4
FOX,5
The CW,6
ABC,7
Disney+,8
CBS,9
BBC One,10
BBC Two,11
Prime Video,12
Adult Swim,13
TV Tokyo,14
NBC,15
The WB,16
History,17
YouTube Premium,18
Fuji TV,19
Gunma TV,20
Tokyo MX,21
BS11,22
Tokai Television Broadcasting,23
Kansai TV,24
Tochigi TV,25
Fukui TV,26
Hokkaido Cultural Broadcasting,27
Iwate Menkoi Television,28
Television Oita System,29
Sendai Television,30
SAGA TV,31
Ishikawa TV,32
Television Nishinippon,33
OHK,34
Kochi Sun Sun Broadcasting,35
Television Shin Hiroshima System,36
TV Shizuoka,37
UMK TV Miyazaki,38
NST,39
NBS,40
Sakuranbo TV,41
TSK,42
Ehime Broadcasting,43
KTS,44
Fukushima TV,45
NIB,46
AKT,47
Toyama Television,48
TV Kumamoto,49
Okinawa Television Broadcasting,50
MBS,51
NHK G,52
FX,53
Univision,54
Las Estrellas,55
Hulu,56
tv asahi,57
TBS,58
CBC,59
TV Aichi,60
TVQ,61
TV Osaka,62
Tulip Television,63
TVh,64
SBC,65
TSC,66
BSN,67
tys,68
Nagasaki Broadcasting Company,69
HBC,70
RKK Kumamoto Broadcasting,71
i-Television,72
SBS TV,73
IBC Iwate Broadcasting,74
Broadcasting System of San-in,75
Hokuriku Broadcasting,76
Oita Broadcasting System,77
TV-U Fukushima,78
RSK,79
TV-U Yamagata,80
Tohoku Broadcasting,81
RKB,82
TV Kochi Broadcasting,83
Ryukyu Broadcasting,84
TV Yamanashi,85
RCC,86
MRT Miyazaki Broadcasting,87
ATV,88
MBC South Japan Broadcasting,89
Nippon TV,90
YTV,91
USA Network,92
CBC Television,93
Channel 4,94
TF1,95
Comedy Central,96
MTV,97
Syfy,98
Showtime,99
Nickelodeon,100
Paramount+,101
Caracol TV,102
Freeform,103
RCN,104
Nagasaki Culture Telecasting Corporation,105
Lifetime,106
Telemundo,107
tvN,108
Disney Channel,109
Disney XD,110
DC Universe,111
HBO Max,112
Cartoon Network,113
ABC Family,114
Starz,115
FOX España,116
Apple TV+,117
Pantaya,118
ANIMAX,119
Paramount Network,120
AT-X,121
BS TV Tokyo,122
KBS2,123
VIU,124
tvk,125
CBS All Access,126
UPN,127
Blim,128
Yahoo! Screen,129
A&E,130
Azteca Uno,131
Fox Kids,132
WOWOW Prime,133
National Geographic,134
Atresplayer Premium,135
Syndication,136
KBS Kyoto,137
ABEMA,138
Max,139
TV Globo,140
ITV1,141
ESPN,142
BBC Three,143
Space,144
BBC America,145
E4,146
TNT,147
FXX,148
ABC TV,149
Distrito Comedia,150
VH1,151
Cinemax,152
laSexta,153
TV3,154
SBS,155
MTV Latin America,156
RecordTV,157
Chiba TV,158
PBS,159
E!,160
Spike,161
MBC,162
Canal+,163
#0,164
Kids Station,165
GMM 25,166
Show TV,167
Showcase,168
Family Chrgd,169
CHCH-DT,170
RTÉ One,171
atv,172
Epix,173
MGM+,174
Peacock,175
NRK P3,176
NRK3,177
Toon Disney,178
CTV,179
YouTube,180
Star TV,181
Bandai Channel,182
Sun TV,183
bilibili,184
NHK BS2,185
NHK BS Premium,186
Teletama,187
Crunchyroll,188
Niconico,189
iQiyi,190
Youku,191
Mango TV,192
Tencent Video,193
UniMás,194
ENA,195
Network Ten,196
Eleven,197
Discovery Family,198
Hub Network,199
BS Fuji,200
ViX,201
Family Channel,202
GBS,203
BS-TBS,204
Animax Asia,205
Hunan Television,206
G4,207
Disney Junior,208
SVT1,209
DR1,210
Sky One,211
Sky Max,212
Discovery,213
Sky Atlantic,214
HBO España,215
TNT Latin America,216
Kakao TV,217
Nine Network,218
Prime Time Entertainment Network,219
France 2,220
Antenne 2,221
La Cinq,222
CITV,223
Clan,224
Rai 1,225
TVING,226
Canal 5,227
Nick Jr.,228
Rai 2,229
Weverse,230
JTBC,231
Russia-1,232
Audience,233
Fox Premium Series,234
IMDb TV,235
Spectrum,236
Televisión Pública Argentina,237
ZDF,238
Kanal D,239
OCN,240
Azul Televisión,241
MTV2,242
Dave,243
Teletoon,244
V LIVE,245
Boomerang,246
Channel One,247
truTV,248
ABC KIDS,249
WWE Network,250
France 3,251
Canal+ Family,252
Gulli,253
ZDFneo,254
SundanceTV,255
Cartoon Network Anything,256
Televisión Nacional de Chile,257
Cartoon Network Latin America,258
AXN,259
The New TNN,260
El Rey Network,261
WGN America,262
Claro Video,263
Fox Latin America,264
SKY PerfecTV!,265
Chiller,266
Shudder,267
Nagoya TV,268
Canal J,269
TV5,270
Kapamilya Channel,271
Jetix,272
Military Channel,273
PLANÈTE+,274
10 Play,275
10 Shake,276
Nicktoons,277
ORF,278
Telefe,279
showcase,280
FOX Showcase,281
NET.,282
Orange TV,283
NHK Educational TV,284
Hallmark Channel,285
National Geographic Channel,286
Citytv,287
Chukyo TV,288
RNB,289
Global TV,290
mitele,291
FDF,292
Telecinco,293
Sky History,294
National Educational Television,295
Kan 11,296
TV8,297
HBO Nordic,298
CMT,299
CBBC,300
ABC.com,301
RÚV,302
NRK1,303
Logo,304
C More,305
LINE TV,306
WeTV,307
Premier,308
TV Land,309
OCS Max,310
HBO Family,311
América Televisión,312
Travel Channel,313
discovery+,314
Crackle,315
RAB,316
TVI,317
YBC,318
BBC iPlayer,319
VTM,320
Canal Uno,321
Comedy Central Latinoamérica,322
Investigation Discovery,323
La 1,324
HTB,325
HBO Latin America,326
TVNZ 1,327
ABC Me,328
Stan,329
Canal 1,330
Bell TV,331
Rooster Teeth,332
Viaplay,333
KiKa,334
OUFtivi,335
Fox Nation,336
Playstation Network,337
H2,338
RTL,339
yes,340
RaiPlay,341
BBC Four,342
NAVER TV,343
HBO Europe,344
Pop,345
ARD,346
Zhejiang Television,347
MyNetworkTV,348
eltrece,349
ITV Encore,350
RCTV,351
HBO Brasil,352
StarPlus,353
Disney+ Hotstar,354
Lodynet,355
Sky Arts,356
M6,357
Crave,358
Associated Television,359
puhutv,360
Quibi,361
The Roku Channel,362
TNT Serie,363
Rede Manchete,364
OWN,365
d Anime Store,366
BET,367
TVA,368
HERO'S,369
Rakuten TV,370
HBO Asia,371
Science,372
VidAngel,373
Angel Studios,374
SRF 1,375
BS4,376
Sky Comedy,377
CCTV-8,378
Migu Video,379
IFC,380
STV,381
Stargate Command,382
SABC 1,383
Italia 1,384
ITV2,385
Starzplay,386
Lionsgate+,387
ZEE5,388
Zee Alwan,389
Christian Broadcasting Network,390
CW seed,391
Sony Entertainment Television,392
TRT 1,393
Fuji TV NEXT,394
Bravo,395
ABC Comedy,396
NDR Fernsehen,397
Sky Cinema,398
National Geographic: Latinoamérica,399
VRT 1,400
Arte,401
PassionFlix,402
Yle TV2,403
MTV Global,404
Channel 5,405
Showmax,406
Mega,407
CBeebies,408
Central Television USSR,409
AMC+,410
The Movie Network,411
HBO Canada,412
Ülke TV,413
ORF 2,414
ProSieben,415
Canal A,416
SAT.1,417
Treehouse TV,418
Sky Living,419
Canal Once,420
La Une,421
Amazon Freevee,422
TV Chosun,423
STAR+,424
Exxen,425
PBS Kids,426
TV 2,427
Playboy TV,428
HGTV,429
funnyordie.com,430
Much,431
MTV Canada,432
Kyushu Asahi Broadcasting,433
Oita Asahi Broadcasting,434
Asahi Broadcasting Aomori,435
Niigata Television Network 21,436
khb,437
KFB,438
HOME,439
KSB,440
Kagoshima Broadcasting,441
Iwate Asahi TV,442
Akita Asahi Broadcasting,443
Yamagata Television System,444
Shizuoka Asahi TV,445
Asahi Broadcasting Nagano,446
Hokuriku Asahi Broadcasting,447
Ehime Asahi TV,448
Yamaguchi Asahi Broadcasting,449
Kumamoto Asahi Broadcasting,450
Ryu-Q Asahi Broadcasting,451
Imagen Televisión,452
Venevisión,453
GameTap,454
Bollywood بالعربي,455
RTL Télé,456
Oxygen,457
TV One,458
Yle TV1,459
MagentaTV,460
Sony Channel,461
Sony Liv,462
Sky Witness,463
ONE 31,464
NET,465
S4C,466
Fox,467
CTV Two,468
TVP1,469
TVFPlay,470
Super Channel,471
Sky Nature,472
TNT España,473
STS,474
Domashniy,475
Televisión de Galicia,476
Azteca Trece,477
MBC Drama,478
Alibi,479
TTV Main Channel,480
arte.tv,481
Playhouse Disney,482
BluTV,483
Family Gekijo,484
TV-3,485
TVNZ 2,486
Sky,487
DMAX,488
Sport 1,489
RocketJump,490
M-Net,491
RTL+,492
Esquire Network,493
NBCSN,494
France 4,495
CNN,496
BYU Television,497
Kanal 7,498
Reelz,499
BritBox,500
1+1,501
TIMVision,502
TLC,503
Court TV,504
NHK BS1,505
NHK,506
WLVI,507
Divinity,508
Destination America,509
Prime,510
Jiangsu Television,511
START,512
Zee TV,513
CoLours TV,514
Cooking Channel,515
Food Network,516
SpiegelTV,517
Now,518
Seven Network,519
wavve,520
Xbox Live,521
SBS 2,522
K2,523
Fox Sports Networks,524
Pursuit Channel,525
Twitch,526
AXS TV,527
Azteca América,528
Velocity,529
Discovery Real Time,530
MotorTrend,531
Monte Carlo TV,532
VOOT,533
JioCinema,534
Vimeo,535
RTL-TVI,536
CBC Gem,537
Viki,538
iQIYI,539
Cuatro,540
Československá televize,541
Universal TV,542
SBS On Demand,543
Movie Central,544
CTV Sci-Fi Channel,545
WE tv,546
Animal Planet,547
Canale 5,548
TV 2 Play,549
OPTO,550
JNN,551
Colors,552
10 Peach,553
TV4,554
Crime + Investigation,555
MSNBC,556
FOD,557
OCS City,558
Latina Televisión,559
France TV Slash,560
Sky Crime,561
Virgin Media One,562
Beijing Television,563
Dragon TV,564
ON,565
MBC MASR,566
Shahid,567
more.tv,568
Elisa Viihde,569
Elisa Viihde Viaplay,570
W-STORY,571
PTS,572
Fox Sports 1,573
ESPN+,574
OLN,575
Shizuoka Kenmin TV,576
Star One,577
KinoPoisk HD,578
Discovery Kids,579
CCTV,580
Play4,581
GyaO!,582
France 5,583
watcha,584
Hikari TV,585
STAR Chinese Channel,586
Canal 13,587
VRV,588
Flooxer,589
SoHo,590
go90,591
Nat Geo Wild,592
ION Television,593
VARA,594
Acorn TV,595
Starz Encore,596
bravo,597
Viu,598
GMA Network,599
Nitteleplus,600
Flow,601
BBC Choice,602
BET+,603
TVP2,604
EBS 1,605
Okko,606
joyn,607
Mie TV,608
Česká televize,609
VPRO,610
NRK Super,611
SVT Play,612
ICI Radio-Canada Télé,613
ITVX,614
TeenNick,615
JiangXi Television,616
Tele5,617
GagaOOLala,618
Slice,619
BNT 1,620
Pax TV,621
TVE,622
iTunes Store,623
SBT,624
Canal FOX,625
Viceland,626
Canal+ Poland,627
Fox Brasil,628
C2S Network,629
CTV Drama Channel,630
BBC Scotland,631
logotv.com,632
Funimation,633
Rai Gulp,634
Coupang Play,635
Sab Tv,636
Keshet 12,637
Hallmark Movies Now,638
GAC Family,639
Amazon miniTV,640
TV Thunder,641
Vice TV,642
Facebook Watch,643
Apple Music,644
fyi,645
CHOCO TV,646
Daum tvPot,647
U-NEXT,648
Three,649
Inter,650
CNBC,651
DD National,652
Yahoo! Dōga,653
oksusu,654
SeeSo,655
Lifetime Movies,656
ICTV,657
Canal 22,658
Kanal 6,659
Warner TV,660
SIC,661
Brat TV,662
TVOntario,663
Makeful,664
Rai Play,665
Channel 3,666
Play UK,667
HOT3,668
Universal Channel,669
VOX,670
BBC First,671
BBC UKTV,672
PlayZ,673
Channel 2,674
TROS,675
AVROTROS,676
Sohu,677
London Weekend Television,678
CCTV-1,679
Kanal 5,680
7TWO,681
TVB Jade,682
Fusion,683
NOVA,684
W Network,685
RTP1,686
RTF Télévision,687
BBC Television,688
Eurovision,689
RAI 4K,690
W,691
BR Fernsehen,692
RTL 4,693
MuchMore,694
RTÉ2,695
Reshet 13,696
WDR Fernsehen,697
SWR Fernsehen,698
MX Player,699
Mega TV,700
niconico Channel,701
Zues,702
ORTF Télévision,703
Cosmote TV,704
Qubo,705
Machinima,706
TV Cultura,707
Télétoon+,708
Seezn,709
STAR World India,710
Polsat,711
ICI RDI,712
Globoplay,713
Facebook,714
Amazon Kids+,715
HappyKids,716
bTV,717
Family Jr.,718
iflix,719
TMC,720
Fullscreen,721
funk,722
ETB2,723
TVNZ+,724
Viva,725
Noggin,726
The N,727
CTS,728
Binge,729
Videoland,730
Fuse,731
2x2,732
Weyyak,733
Friday!,734
Channel Eser,735
RTS 1,736
Nova S,737
Sky Uno,738
TVN,739
RTS Un,740
RSI LA1,741
Sky Serie,742
NPO 3,743
KRO,744
Qatar TV,745
MBC 1,746
Qalbox,747
TV 2 Charlie,748
TV2 Play,749
Nick at Nite,750
Discovery+,751
TV 2 Zulu,752
Travel Channel United Kingdom,753
France.tv,754
Toons.TV,755
Blackpills,756
MBN,757
ALTBalaji,758
TVP,759
Anhui Television,760
Formosa TV,761
GTV,762
VideoLand Movie,763
dTV,764
Band,765
Club Illico,766
AcFun,767
Fox Action Movies,768
Fox News Channel,769
CTV Main Channel,770
REN TV,771
ABS-CBN,772
Stöð 2,773
Tianjin Television,774
BBC One Scotland,775
BBC Two Scotland,776
3Plus,777
AutoMoto La Chaine (FR),778
DFF 1,779
KKTV,780
iWantTFC,781
Here TV,782
Lotus Play,783
Alhayah,784
Dubai TV,785
Prva,786
TOP kanal,787
Nara Television,788
Super RTL,789
Planète+ A&E,790
TV Nova,791
Voyo,792
hoichoi,793
Dlife,794
RTVE Play,795
Turkmax,796
Pokémon TV,797
Dramax,798
La Red,799
TSB,800
MTV Lebanon,801
5USA,802
OUTtv,803
Ficción Producciones,804
WOW Presents Plus,805
Streamz,806
BNNVARA,807
HEI Network,808
Movistar TV,809
KION,810
Chilevisión,811
RBB Fernsehen,812
STB,813
ivi,814
TV Perú,815
AVRO,816
Super,817
Genie TV,818
Yle Areena,819
Crime District,820
HOT8,821
MBC 4,822
MBC IRAQ,823
More4,824
Dplay,825
EO,826
Rai 3,827
UMC,828
ALLBLK,829
Play Suisse,830
Sjónvarp Símans,831
MTV Japan,832
Vivamax,833
NewsNation,834
Eden,835
La 2,836
Game Show Network,837
Smithsonian Channel,838
Astro Ria,839
The Comedy Channel,840
RTL 5,841
Play5,842
GAİN,843
GTH On Air,844
Channel 4 (Online),845
Mnet,846
myVideo,847
VTM GO,848
addikTV,849
BMW Films,850
NTV,851
Wink,852
Fearnet On Demand,853
CFPL-TV,854
RTVS,855
Duna,856
Tubi,857
TGRT,858
MTV3,859
Virgin Media Television,860
CTV Comedy Channel,861
Hum TV,862
Zee Zindagi,863
Be tv,864
WATCH iT!,865
ČT1,866
NPO 1,867
NPO 2,868
SERIES on,869
Sub,870
5Star,871
DMM TV,872
RMC Story,873
Sportsman Channel,874
themeateater.com,875
Alpha TV,876
Veronica,877
Vidol,878
Paravi,879
TrueID,880
Bio.,881
Anime Network,882
IRIB TV1,883
PTV Home,884
ANT1,885
NHK WORLD-JAPAN,886
The Comedy Network,887
Magyar Televízió,888
Che,889
Fifth Channel,890
Russia-2,891
NTV MIR,892
DTV,893
Russian Detective,894
TV-6,895
Fuji News Network,896
VRT CANVAS,897
GoPlay,898
DirecTV,899
Pro TV,900
SkyShowtime,901
Palladia,902
Tele 5,903
Markíza,904
UMAX,905
Heavenly,906
Télé-Québec,907
Arena,908
Player Original,909
Bounce TV,910
Sjuan,911
ZDFinfo,912
KBS1,913
DMC Drama,914
DMC,915
Sanlih E-Television,916
Al Saudiya,917
TVR 1,918
Euronews,919
Fuji TV TWO,920
ERT1,921
LifeStyle,922
VRAK,923
LeTV,924
Novyi Kanal,925
TV Paprika,926
NHK BS4K,927
TVNOW,928
Really,929
Direct 8,930
UP TV,931
friDay Video,932
Sky Italia,933
ABC TV Plus,934
Abu Dhabi TV,935
Noor Dubai,936
hr-fernsehen,937
Dropout,938
Multishow,939
BS Asahi,940
IRIB TV3,941
Judy,942
Cadenatres,943
Hikari TV Channel+,944
Tien,945
MTV Italia,946
Wawayu Animation,947
RMC Découverte,948
TNT Comedy,949
ORTF Télévision 2,950
Warhammer TV,951
CBCDrama,952
TVOKids,953
PokerGO,954
Mondo TV,955
Pogo,956
V,957
RTV 1,958
Superstar TV,959
Dom Kino,960
Smotrim,961
Ukraine,962
STAR Vijay,963
Namava,964
TZGZ,965
Gold,966
PPTV,967
ITVBe,968
7mate,969
KPN Presenteert,970
Channel A,971
STAR Maa,972
Chorki,973
Yle Fem,974
DR2,975
UTV IRAQ,976
Channel 9 MCOT HD,977
MALL.TV,978
JSTV,979
SBS Plus,980
Yesterday,981
NTS,982
9Go!,983
Tiny Pop,984
RTP Play,985
SVT2,986
NRK,987
Cinema Heaven,988
iHQ,989
MBC every1,990
RTL II,991
BNN,992
Video Pass,993
TELASA,994
Paramount Comedy 1,995
NHK＋,996
RTÉjr,997
Carousel,998
Russia-Kultura,999
Discovery Health Channel,1000
Centric,1001
Hallmark Movies & Mysteries,1002
HRT 1,1003
OLL.TV,1004
Planeta Junior,1005
Boing,1006
KTH,1007
DAZN,1008
Tiji,1009
W.,1010
ART Hekayat,1011
ART Hekayat Kaman,1012
Al-Nahar One,1013
movie,1014
AVA,1015
Q2,1016
ABC Spark,1017
NFL Network,1018
Sky Documentaries,1019
Pivot,1020
Super Écran,1021
Kabillion,1022
Hami Video,1023
CHT MOD,1024
MTV Nederland,1025
TVNorge,1026
Premiere,1027
Rai YoYo,1028
FBS,1029
HTV,1030
FCT,1031
MMT,1032
TeNY,1033
RNC,1034
KKT,1035
Brasil Paralelo,1036
Vrai,1037
MBC M,1038
RTL2,1039
El Nueve,1040
SBS funE,1041
13e rue,1042
HLN,1043
Antena 1,1044
ТВ-3,1045
MBC 5,1046
Al-Nahar Drama,1047
Fox Soccer,1048
LCP - Assemblée nationale,1049
Taiwan+,1050
Universal Kids,1051
TV B92,1052
National Iranian Radio and Television,1053
8TV,1054
TV9,1055
MNCTV,1056
Astro Prima,1057
RTM2,1058
Hungama,1059
Astro Ceria,1060
MediaCorp Channel Suria,1061
The Nashville Network,1062
EMPC TV,1063
Sky Vision,1064
TLC Go,1065
kykNET,1066
BS12 TwellV,1067
TV JOJ,1068
Rishtey TV,1069
MBC Bollywood,1070
Star India,1071
Filmnet,1072
Histoire TV,1073
NDTV Imagine,1074
SDTV-1,1075
SBS6,1076
skyTV,1077
Canal Famille,1078
Encuentro,1079
The Zeus Network,1080
HGTV Canada,1081
Télétoon,1082
Action,1083
WWOR-TV,1084
Pluto TV,1085
TV5Monde,1086
WPVI-TV,1087
SABC 2,1088
La Sept,1089
A2Z,1090
NOVE,1091
WHYNOT,1092
Mediaset Premium,1093
EPIC,1094
Coture,1095
Yahoo! TV,1096
APTN,1097
DR Ultra,1098
BS Japan,1099
TV 8,1100
T+E,1101
NowThatsTV,1102
All-Nippon News Network,1103
Snapchat,1104
ERTFLIX,1105
Alsumaria,1106
Salto,1107
EbonyLife TV,1108
MEGA,1109
Amarin TV,1110
Star,1111
央视网,1112
Crypt TV,1113
BBC Kids,1114
Investigação Discovery,1115
Al Araby,1116
Sogou TV,1117
AOL,1118
SHENZHEN SATELLITE TV,1119
Canal Brasil,1120
Gshow,1121
ViuTV,1122
TVP VOD,1123
VH1 Classic,1124
Fox8,1125
W9,1126
iQiyi (CN),1127
OCN movies,1128
Nelonen,1129
Filmin,1130
Shanghai Television,1131
KBS Story,1132
سورية دراما,1133
SIC Radical,1134
Warner TV Serie,1135
Geo TV,1136
TV 2 Echo,1137
C8,1138
Viasat Film,1139
SVT,1140
Telfaz11,1141
FOXlife,1142
Warner TV Comedy,1143
AtomFilms,1144
Toei Tokusatsu Fan Club,1145
KTLA,1146
4fun.tv,1147
DIY Network,1148
Canal 10,1149
MAX,1150
Decades,1151
Sky3,1152
Kijk (NL),1153
EBC Drama,1154
True4U,1155
Rete 4,1156
ZTV,1157
SFB,1158
HDNet,1159
Comet,1160
CHARGE!,1161
HonorClub,1162
QQLive,1163
ZDFkultur,1164
Anime Houdai,1165
Video Market,1166
music.jp,1167
DMM.com,1168
GYAO! Store,1169
animeteleto,1170
Movie Full+,1171
Happy! Douga,1172
ABEMA Video,1173
América TV,1174
OSN,1175
MediaCorp Channel 5,1176
Galaxy,1177
Sky Sports,1178
Net5,1179
DD Metro,1180
Odyssey Network,1181
Gemini TV,1182
JIM,1183
Kabel 1 Doku,1184
La Trois,1185
ARY Digital,1186
Tipik,1187
Prima,1188
RTP2,1189
The Horror Collective,1190
Entertainment Squad,1191
Bibel TV,1192
Locomotion TV,1193
8XM,1194
Jalwa,1195
PlayTV,1196
Ary Musik,1197
A Plus,1198
Express Entertainment,1199
Urdu 1,1200
Geo Entertainment,1201
VRT MAX,1202
Aragón TV,1203
Voyage,1204
BBC World News,1205
BBC News,1206
Dream TV,1207
NCRV,1208
Olive,1209
Fox Reality Channel,1210
CCTV-14,1211
Kuwait TV,1212
NRJ 12,1213
Noovo,1214
TikTok,1215
Life OK,1216
Ketnet,1217
ABC iview,1218
Obbod TV,1219
Televize Seznam,1220
CCTV-2,1221
HOOQ,1222
Cartoonito,1223
Entertainment One,1224
AMI-télé,1225
Kanal 1,1226
Wenzhou TV,1227
Animax Latin America,1228
Mondo Media,1229
ICI TOU.TV,1230
DUST,1231
Outdoor Channel,1232
AHC,1233
Eros Now,1234
AIS PLAY,1235
TeleHit,1236
Telenet Play More,1237
Telenet Play,1238
Tsuburaya Imagination,1239
Viasat3,1240
DRAMAcube,1241
KLAC-TV,1242
KHJ-TV,1243
KECA-TV,1244
KFI-TV,1245
KTSL,1246
PinkTV,1247
STUDIO+,1248
Kanal 4,1249
Planète+ Crime Investigation,1250
Estrella TV,1251
TV5 Québec Canada,1252
beIN Connect,1253
Quest,1254
Perets,1255
360°,1256
Hello Sunshine,1257
TrueVisions,1258
Channel 8,1259
OnStyle,1260
MTV Germany,1261
VIVA Germany,1262
tabii,1263
Sundance Now,1264
Super3,1265
ServusTV,1266
BUILD Series,1267
MBC + Drama,1268
OSN Yahala Al Oula,1269
TV2,1270
AVNstars.com,1271
Tooniverse,1272
TVGN,1273
Historia,1274
Magnolia Network,1275
Canal Sur,1276
AMC.com,1277
Gizmoplex,1278
التلفزة التونسية,1279
CCTV-9,1280
Россия-1,1281
Rivit TV,1282
Super Deluxe,1283
vLive,1284
Arutz HaYeladim,1285
Astro Shuang Xing,1286
MDR Fernsehen,1287
WPIX,1288
ICI TOU.TV Extra,1289
AB1,1290
Neox,1291
TQS,1292
CollegeHumor,1293
Toei Channel,1294
BS SKY PerfecTV!,1295
ITN,1296
Turner Classic Movies,1297
TVBS,1298
Ora TV,1299
Asianet,1300
Federalna Televizija,1301
Nova TV,1302
E Channel,1303
Belgische Radio- en Televisieomroep,1304
NBA TV,1305
Trinity Broadcasting Network,1306
Nouvelle-Calédonie La Première,1307
Gloob,1308
GMM One,1309
PTS+,1310
Minimax,1311
TVP Polonia,1312
Plus,1313
Auvio,1314
1Magic,1315
Амедиа Продакшн,1316
NAVER NOW,1317
Aboriginal Peoples Television Network,1318
bTV Cinema,1319
Henan TV,1320
Mello Thailand,1321
Real Time,1322
iScreen,1323
TG4,1324
JTBC2,1325
GNT,1326
tv5unis.ca,1327
Playlist Studio,1328
MeTV,1329
HUM Arabia,1330
Discovery Channel,1331
TV Tupi,1332
TV Paulista,1333
REI,1334
Jovem Pan News,1335
Panflix,1336
TV6,1337
Televizija Sarajevo,1338
PTS Taigi,1339
ITV4,1340
&TV,1341
TRT 2,1342
大千影业,1343
Ruutu,1344
Speed,1345
Super TV2,1346
Radio Bremen Fernsehen,1347
HKTV,1348
Tastemade,1349
Milkshake!,1350
FORTA,1351
ETV,1352
aha,1353
EBC Variety,1354
KNB,1355
YBS,1356
KTK,1357
NKT,1358
ABS,1359
JRT,1360
Daiichi-TV,1361
FBC,1362
RKC,1363
KYT,1364
KRY,1365
HBO Go,1366
Astro AEC,1367
FR3,1368
Acasă,1369
Sky Kids,1370
eToonz,1371
CuriosityStream,1372
DR Ramasjang,1373
Junior TV,1374
Ecuavisa,1375
재능TV,1376
Animax Korea,1377
Daewon Broadcasting,1378
AniOne,1379
Daekyo Kids TV,1380
DR3,1381
ANT1+,1382
mtmad,1383
Unis TV,1384
Nippon News Network,1385
Televizija Republike Srpske,1386
UFC FIGHT PASS,1387
addatimes,1388
Sprint Nextel,1389
芒果TV,1390
Yorin,1391
IMDb,1392
CBC News Network,1393
TV Puls,1394
TVN Style,1395
Television Maldives,1396
Geek and Sundry,1397
BeeTV,1398
iWant,1399
Toute l'Histoire,1400
Panorama Drama,1401
LBCI,1402
Arabia Drama,1403
CINE.AR,1404
PTV One,1405
UHF Station,1406
Comedy TV,1407
Animal Planet Brasil,1408
CATCHPLAY+,1409
Open Beyond TV,1410
Zeus Network,1411
Current TV,1412
WidCyber,1413
Guangdong Television,1414
Player,1415
JEI TV,1416
YoYo TV,1417
Televen,1418
ČT :D,1419
Tentime,1420
ΕΡΤ,1421
ullu,1422
Beyaz TV,1423
RMC Sport,1424
欢迎光临，千岁酱,1425
TVN 7,1426
RTK,1427
LAFTEL,1428
Gaia,1429
WTTW,1430
Sky Two,1431
DirecTV Now,1432
Studio 4,1433
Dailymotion,1434
Super Action,1435
dekkoo,1436
Zvezda,1437
CNTV,1438
Discovery JEET,1439
MLB Network,1440
RedeTV!,1441
Douyin,1442
Haokan,1443
IRIB TV5,1444
OBBOD,1445
Séries+,1446
VTM 2,1447
Star Bharat,1448
MiniMini,1449
Smithsonian Earth,1450
Filimo,1451
Challenge,1452
National Indigenous Television,1453
Comic-Con HQ,1454
Sympatico,1455
Kebweb.tv,1456
enVedette,1457
polsat box,1458
polsat box go,1459
Kompas TV,1460
AXN Asia,1461
meWATCH,1462
Star Channel,1463
sky Travel,1464
ABEMA SPECIAL,1465
WAPA-TV,1466
TeleOnce,1467
CCTV-3,1468
CCTV-4,1469
ETB 1,1470
ArirangTV,1471
Bon Appétit,1472
Lesflicks,1473
Al Jazeera America,1474
ALTER,1475
Mill Creek Entertainment,1476
Reel Media International,1477
Formula,1478
3sat,1479
Red Bull TV,1480
Guangzhou Broadcasting Network,1481
优酷网,1482
9X,1483
fox.com,1484
Canal+ Afrique,1485
TV Centre,1486
TLC UK,1487
CBS.com,1488
AsiaN,1489
Vitaya,1490
FlopTV,1491
Colors Infinity,1492
7TV,1493
Stolitsa,1494
TRT Çocuk,1495
Planet Çocuk,1496
Astro Vinmeen,1497
Tudou,1498
Mtavari Arkhi,1499
BBC Red Button,1500
KBS World,1501
ΕΤ1,1502
ΝΕΤ,1503
Z,1504
İctimai TV,1505
Fox Crime,1506
ΕΡΤ2,1507
NPR,1508
OMNI,1509
My5,1510
SET Metro,1511
Megogo,1512
2×2,1513
FIFA+,1514
SIG,1515
SM Culture & Content,1516
Aniworld TV,1517
Sony Aath,1518
The Weather Channel,1519
IRIB Nasim,1520
Nitro,1521
nabd alqalb studio,1522
LA7,1523
Cosmote History,1524
Shanghai Toonmax TV,1525
Side+,1526
Vizion Plus,1527
Jolly HD,1528
Smile,1529
Tring Shqip,1530
Deejay TV,1531
DDR1,1532
Channel 7,1533
ČT2,1534
NT1,1535
Q,1536
Hero TV,1537
VTV3,1538
Pick,1539
Nifty-Serve,1540
Disney Junior Latin America,1541
MBC ON,1542
JTBC4,1543
Discovery Science,1544
iFilm,1545
Sky Sports F1,1546
SOAPnet,1547
UA: PERSHYI,1548
Hromadske,1549
24 Kanal,1550
Évasion,1551
TeleUV,1552
Radiotelevisión de Veracruz,1553
Rocket Beans TV,1554
Stream.cz,1555
Universo,1556
kabel eins,1557
TRT Belgesel,1558
Al Jazeera,1559
Al Jazeera English,1560
firefly.rs,1561
Geo Tez,1562
Geo Kahani,1563
Nick Pakistan,1564
Infinity,1565
TTV,1566
JAITS,1567
ARY Arabia,1568
NTR,1569
Spektrum,1570
ДТ Продакшн,1571
BFI Player,1572
TV Brasil,1573
MediaCorp Channel 8,1574
Discovery Asia,1575
Nou,1576
ANT1 CY,1577
Watcher,1578
ENV,1579
Rumble,1580
Movie International,1581
NRK Tegnspråk,1582
SBS FiL,1583
Biwako Broadcasting,1584
Wakayama Telecasting,1585
TeleSUR,1586
RTHK,1587
Les Films d'Ici,1588
Musée d'Orsay,1589
BBC One Wales,1590
Xigua Video,1591
PoRo,1592
Wishland Studio,1593
kurdsat,1594
kurdbin,1595
FoxPlay,1596
Rai 5,1597
NOS,1598
NPS,1599
Hobby Japan,1600
Teledoce,1601
TeleMadrid,1602
CTC Media,1603
T HD,1604
Klan Kosova,1605
3+,1606
The Inspiration Network,1607
百视TV,1608
上海东方卫视,1609
noovo.ca,1610
Sixth Programme,1611
NTD Television,1612
CBS Reality,1613
La 5,1614
TVM,1615
1 TV,1616
Armenia 1,1617
First National Channel of the Belarusian TV,1618
PIK 1,1619
Urban TV Uganda,1620
Escape,1621
Māori Television,1622
Flagman-Trade DVD,1623
Super Polsat,1624
Allociné,1625
Google Play,1626
Channel 1,1627
histoire,1628
ESPN2,1629
Programme One,1630
Pure Flix,1631
Xee,1632
Lemino,1633
OK Motion Studio,1634
TFX,1635
Prima COOL,1636
Nat Geo Kids,1637
Australian Christian Channel,1638
Smile of a Child,1639
BOL Network,1640
ASN,1641
9,1642
Bleacher Report,1643
Signal 23 TV,1644
BitTorrent,1645
BS Shochiku-Tokyu,1646
TechTV,1647
ZDTV,1648
G4TechTV,1649
Ovation,1650
Tyne Tees,1651
Ziggo Sport,1652
Blued,1653
Go3,1654
НЛО TV,1655
Flipkart Video,1656
Futura,1657
XtvN,1658
MBC 2,1659
NHK Digital Satellite HD,1660
Play Entertainment,1661
LIV Arabia,1662
BBC Alba,1663
MYX TV,1664
SCTV,1665
HOT Entertainment,1666
Chérie 25,1667
UCV Television,1668
Canal 9,1669
Fox Life,1670
Nolife,1671
Tv Cubana,1672
ARD-alpha,1673
Arab Radio and Television Network,1674
Sky Sport,1675
MPH Entertainment for Cesar Millan,1676
Inc.,1677
Indosiar,1678
Israeli Educational Television,1679
Vidio,1680
ICI Explora,1681
Ustream,1682
西瓜视频,1683
RTB1,1684
AXN Korea,1685
K-STAR,1686
iVysílání,1687
Tello,1688
Focus,1689
Al Iraqiya,1690
Channel News Asia,1691
MGM Brasil,1692
Skai,1693
Entermeitele,1694
GDS,1695
Alsharqiya TV,1696
1001TV,1697
Hallmark Drama,1698
RCTI,1699
SABC 3,1700
foxtel GO,1701
Love Nature,1702
France.tv Slash,1703
ESPN Classic,1704
J:COM,1705
Arre,1706
Manhattan Neighborhood Network,1707
Latvijas Televizija,1708
Royal Thai Army Radio and Television Channel 5,1709
山东齐鲁电视台,1710
NWRV,1711
COM BRASIL,1712
Rai Storia,1713
Azoomee,1714
Lionsgate Play,1715
강소위성TV,1716
STAR Jalsha,1717
TV Barrandov,1718
Plug RTL,1719
SporTV,1720
Eurochannel,1721
ČT art,1722
Ntv7,1723
MagellanTV,1724
VTV,1725
Bangladesh Television,1726
Qatar Television,1727
ARTE Creative,1728
GLP4 PLAY,1729
Kampüs TV,1730
Vudu,1731
TLUM HD,1732
Mult,1733
Rocket Beans TV (DE),1734
MAVTV,1735
KTV,1736
KRO-NCRV,1737
TET,1738
Samanyolu TV,1739
武则天秘史,1740
Prima+,1741
TRT Haber,1742
ICI ARTV,1743
PTV World,1744
Star Suvarna,1745
Fox Sports 2,1746
Revry,1747
kakao page,1748
TV1,1749
First Baltic,1750
Line News,1751
DuMont Television Network,1752
ROXTEEN,1753
Kartoon Channel!,1754
Ultraman Connection,1755
Topic,1756
Televisión Independiente de México (TIM),1757
Crime + Investigation Network Australia,1758
CTi Variety,1759
Movie Extra,1760
Watcho,1761
Rajawali Televisi,1762
GO3 (EE),1763
Insight TV,1764
Okoo,1765
TV 13,1766
قطاع الإنتاج - إتحاد الإذاعة والتلفزيون (ج.م.ع),1767
DRTV,1768
Blaze,1769
Facebook Live,1770
UKTV Style,1771
MTV India,1772
ssssssj,1773
Piwi+,1774
Hum Sitaray,1775
WIN Television,1776
Helio,1777
Tet TV+,1778
Sanak Batat,1779
Zee News,1780
India TV,1781
8tv,1782
ORTF Télévision 3,1783
RT,1784
DocPlay,1785
PlayPlus,1786
Safari TV,1787
SBS Mobidic,1788
Spiegel Geschichte,1789
Red+,1790
LTV1,1791
Nihon Eiga,1792
SnackableTV,1793
Star Media,1794
MX CASTING,1795
MAXStream,1796
Kanal 11,1797
Kanal 9,1798
Quenel+,1799
安徽卫视,1800
浙江卫视,1801
Comedy.TV,1802
TVS,1803
Showcase TV,1804
PBS America,1805
Twitter,1806
RTS,1807
Thai Public Broadcasting Service,1808
RTS Deux,1809
KidZ,1810
Odnoklassniki,1811
VTM KIDS,1812
J-One,1813
CNN+,1814
Hypp Sensasi,1815
Filomok,1816
Bioscope,1817
KlikFilm,1818
KVCW,1819
Rustavi 2,1820
Means TV,1821
VisionTV,1822
EWTN Televisión,1823
Dvojka,1824
MusiquePlus,1825
Numéro 23,1826
DDR-F1,1827
Top Channel,1828
6play,1829
WQED Multimedia,1830
Astro,1831
UKTV Food,1832
cetv1,1833
SuperPelis,1834
Imedi TV,1835
Gemplex,1836
Style Network,1837
GloboNews,1838
广东卫视,1839
Flash TV,1840
Yle Teema,1841
ntv,1842
Echorouk Plus,1843
Kan Educational,1844
CAD Premium,1845
Rang,1846
ARtv,1847
Sama Dubai TV,1848
Crime & Investigation Network,1849
KBS Drama,1850
NRK2,1851
Channel Nine,1852
HKSTV,1853
Egyptian Television Network,1854
RTV Slovenija,1855
宝宝巴士,1856
elhiwar ettounsi,1857
Opus,1858
tv5.ca,1859
Intercontinental Broadcasting Corporation,1860
U+ IDOL LIVE,1861
Moi & Cie,1862
BOL Entertainment,1863
GDTV,1864
Luccas Toon Oficial,1865
Manoto,1866
MUSIC ON! TV,1867
2BE,1868
RTL Televizija,1869
IB3,1870
Daystar,1871
BanglaVision,1872
AB4,1873
Channel 28 SD,1874
东森综合,1875
Disney Channel Middle East,1876
ABC News,1877
B•A•S•I Produktion,1878
NTV-Belorus,1879
France Télévisions Jeunesse,1880
O Channel,1881
sixx,1882
Prime Box Brazil,1883
ESPN Deportes,1884
SPOTV NOW,1885
New Channel,1886
Makedonia TV,1887
TOLO,1888
Playmo,1889
ERT2,1890
TVNZ Kidzone,1891
TVNZ6,1892
Señal Colombia,1893
El Sótano,1894
CDA.pl,1895
Fox Sports,1896
Pixibox,1897
M1,1898
플래디,1899
Pakistan Television Network,1900
TV2000,1901
antv,1902
Nova,1903
Spotify,1904
Lifestyle FOOD,1905
13th Street,1906
ERT3,1907
Investigation,1908
RTL 7,1909
The Hole,1910
WinWin,1911
Justice Central,1912
TV 2 Zebra,1913
DABL,1914
Viasat 4,1915
another planet,1916
Dijlah Tv,1917
Sea Studios Foundation,1918
First Channel Ostankino,1919
United Artists Media Group,1920
MGM Television,1921
Raj TV,1922
Television Georgian SSR,1923
NOW Claro,1924
Zephyr School Media,1925
Big Ten Network,1926
RaiSat Ragazzi,1927
RaiSat Smash,1928
ORF III,1929
EPTV,1930
R1,1931
Granada Television,1932
Emart Live (이마트),1933
24Kitchen Türkiye,1934
HBO Mundi,1935
Asia N,1936
TVS Sydney,1937
Univer Video,1938
RTBF.be,1939
Sony Pal,1940
MediaCorp Central,1941
IMDb Freedive,1942
Planète+ Justice,1943
LG U+,1944
Slovenská televízia,1945
陕西卫视,1946
深圳电视剧频道,1947
山东电视台电视剧制作中心,1948
LOGOonline,1949
Canal Q,1950
CNN Brasil,1951
Future Television,1952
vossevents.com,1953
Hum Europe,1954
Viasat6,1955
DoQ,1956
SportKlub,1957
Tower of London Productions,1958
The Movie Channel,1959
VG+ Entertainment Group,1960
Kino Polska,1961
Fernsehen der DDR,1962
Amrita TV,1963
Canal D,1964
Canal Vie,1965
TBS Brasil,1966
TOCA BOCA,1967
Marvel Insider,1968
中央广播电视总台,1969
SEC Network,1970
Channel 6,1971
RTI (C),1972
RTP Açores,1973
얼리버드 픽쳐스,1974
KBS Joy,1975
Metro One,1976
Play TV,1977
Style 360,1978
TVOne Global,1979
Bol News,1980
Azteca 7,1981
Nat Geo Mundo,1982
telequebec.tv,1983
Dangal TV,1984
24 horas,1985
TVR9,1986
13C,1987
Yippee,1988
KidoodleTV,1989
Al Rabiaa Tv,1990
Cottage Life,1991
UTV Stars,1992
RTÉ Player,1993
Dhruva TV,1994
Motion Rock Entertainment,1995
KING-TV,1996
Aaj News,1997
Samurai! TV,1998
Stardom World,1999
WalmartTV,2000
Play Sports Open,2001
https://www.gdtv.cn/tvChannelDetail/43,2002
AwesomeTV,2003
Polsat PLAY,2004
TV Novo Tempo,2005
Mediapart,2006
ADTV,2007
TV24 (CH),2008
中国,2009
3Cat,2010
VIA,2011
DiaTV,2012
AT5,2013
Phoenix Television,2014
Rogers TV,2015
Network Television Marketing,2016
NJPW World,2017
MusicBox,2018
ITV3,2019
Colors Marathi,2020
TNV-Planeta,2021
CINAR,2022
France Animation,2023
CorriereDelloSport.it,2024
tuttosport.com,2025
Polynésie 1ère,2026
France Ô,2027
Sony YAY!,2028
Nikkei CNBC,2029
À Punt,2030
Pokerzone,2031
Oho Gujarati,2032
Viva One,2033
CCTV-10,2034
Gley,2035
北京青青树动漫科技有限公司,2036
Fearless,2037
Моя планета,2038
CNN International,2039
CAZ,2040
ONE TV,2041
Stream TV,2042
Telus Optik,2043
VGTV,2044
Astro Warna,2045
stuff.co.nz,2046
MTV Asia,2047
CCTV News,2048
Oasis HD,2049
BT Sport,2050
Syria TV,2051
METAFORA,2052
DR Minisjang,2053
MyTV,2054
山东三冠影视实业公司,2055
Alpha Cyprus,2056
Karya Yapım,2057
TRO,2058
TELEAC - Holanda,2059
América Ibérica,2060
Habertürk TV,2061
Hasya Katta Official,2062
Mindvalley,2063
TV5 Monde Afrique,2064
VT4,2065
ARY Zindagi,2066
SwearNet,2067
TV Finland,2068
TheVR,2069
Discovery Home & Health,2070
STN,2071
Television Azerbaijan SSR,2072
Azərbaycan Televiziyası,2073
Home,2074
易车,2075
TVer,2076
Okno v Evropu Film Festival,2077
Securus Originals,2078
KCET,2079
Genius Kitchen,2080
EinsFestival,2081
CCTV-6,2082
NTA Film Network,2083
Heyo TV,2084
D8,2085
ARY News,2086
Dunya News,2087
Express News,2088
News One,2089
Samaa TV,2090
Dawn News,2091
Geo News,2092
Lahore News HD,2093
Abb Takk News,2094
24 News HD,2095
City 41,2096
Jaag TV,2097
UKTV History,2098
UKTV,2099
Telecentro,2100
Radio-Québec,2101
Planet Green,2102
Sky News Australia,2103
RTVC,2104
Eurosport,2105
KTTV,2106
Nepal Television,2107
江苏综艺频道,2108
U+ Mobile TV,2109
Playtvak.cz,2110
HRT 2,2111
Citra HD,2112
National Geographic Brasil,2113
BBC One Northern Ireland,2114
NHK BS8K,2115
优漫卫视,2116
Youman Cartoon Satellite TV,2117
Bip,2118
Chaupal,2119
LNT,2120
2M,2121
OnDirecTV,2122
Benfica Play,2123
Barça Tv,2124
Fuel TV,2125
QPVN,2126
2+2,2127
TOD (TR),2128
Ticfy Prime,2129
Alacocina Tv,2130
MySpace,2131
Netvideo,2132
Mind Trio,2133
Instany,2134
Hungama TV,2135
TRT Türk,2136
Sahar TV,2137
SFP,2138
ClerSac,2139
PBS Digital Studios,2140
one,2141
ABP News,2142
ТВц,2143
yes VOD KIDS,2144
RTL II You,2145
BFMTV,2146
sundancechannel.com,2147
Spiegel TV Wissen,2148
Sahara One,2149
MNM,2150
Zee Q,2151
Big Magic,2152
Teleamazonas,2153
MG TV,2154
Mazhavil Manorama,2155
UR,2156
Staten Island Community Television,2157
ATC,2158
Tv Rio,2159
辽宁卫视,2160
NPO Start,2161
EarthxTV,2162
Pink,2163
Music 24,2164
STAR World,2165
Google Podcasts,2166
Hakka TV,2167
Cine 7,2168
ファミリー劇場,2169
Super Canal,2170
凤凰卫视,2171
TV5 Monde Europe,2172
BONGO,2173
Zona Latina,2174
Foro TV,2175
TVE Brasil,2176
L!VE TV,2177
Metro,2178
SPACE SHOWER TV,2179
Prima LOVE,2180
POP TV,2181
TV Diário,2182
Cignal Play,2183
Klikk,2184
CNN Chile,2185
Daum,2186
e extra,2187
ZJSTV,2188
時代劇専門ch,2189
KoldCast TV,2190
TFO,2191
Ketnet Junior,2192
Asian Food Channel,2193
SRF zwei,2194
RTL Telekids,2195
Will Media,2196
RTL Z,2197
Otv (LB),2198
Canal Algérie,2199
Paris Première,2200
LHH.,2201
MTV 1,2202
Canal 24 Horas,2203
Krone.TV,2204
Channel W,2205
Blue Sky,2206
bahrain tv,2207
KREAM,2208
Televizija Zagreb,2209
Radio Philippines Network,2210
bTV Comedy,2211
Nerve.com,2212
НЬЮ АРТ СИНЕМА ПРОДАКШН,2213
MONDO TV,2214
Кино1ТВ,2215
GameTV,2216
Eurêka !,2217
TPS Jeunesse,2218
ET-3,2219
tamadon,2220
PassoLig,2221
vive!,2222
Flowers TV,2223
WATCHVIM,2224
PowNed,2225
Youtoo TV,2226
Razer,2227
gotv,2228
Canal 14,2229
Espansione TV,2230
CNBC Asia,2231
LDC,2232
Netzun,2233
Kanccha Lannka,2234
Pelangi TV,2235
Television Latvian SSR,2236
Yes TV,2237
Lifetime Movie Network,2238
Genflix,2239
Houston Live TV Network - HLTV,2240
Fox Premium Action,2241
UN3TV,2242
Television in Syria,2243
ČT24,2244
CQTV,2245
BrutX,2246
IRIB TV2,2247
77E,2248
TCM España,2249
The Fantasy Network,2250
Tokyo Channel 12,2251
Radiodiffusion Télévision Algérienne (RTA),2252
Fox Business Network,2253
Dove Channel,2254
Workpoint TV,2255
TysonPlus,2256
ART TV,2257
AP1,2258
IDF1,2259
Yle Teema & Fem,2260
Telefuturo,2261
Blip,2262
Weibo,2263
YBSTV,2264
Via X,2265
Sveriges Radio & TV,2266
Zoom,2267
WRC-TV,2268
myTV SUPER,2269
History Channel Italia,2270
BonGusto,2271
Christian Television Network,2272
Discovery World,2273
Pakapaka,2274
Duna World,2275
CHILI,2276
TWOsmart,2277
KnowBe4,2278
F1TV,2279
HOT VOD Young,2280
Pro Wrestling TV,2281
Mono29,2282
dk4,2283
SuomiTV,2284
TTV Main Channel (TW),2285
kykNET & Kie,2286
MTV Australia,2287
RTU,2288
Canal Trece,2289
The Hub,2290
El 33,2291
sky Drama,2292
SkyLife,2293
stream.theatre,2294
卡酷少儿,2295
Odisea,2296
Imago TV,2297
Teletica,2298
WLS-TV,2299
My Damn Channel,2300
NRT2,2301
Golf Channel,2302
Apna TV,2303
Deutsche Welle,2304
TalkTV (UK),2305
Revision3,2306
The Daily Wire,2307
El Toro TV,2308
Teleview TV,2309
Astro First,2310
North Texas Television,2311
Fla TV,2312
NTV America,2313
Canal+ (MM),2314
Discovery International,2315
OCS,2316
腾讯,2317
Bile TV,2318
Bell Fibe TV1,2319
WCVB-TV,2320
Regiões TV,2321
RNN7,2322
wifey.tv,2323
深圳都市频道,2324
Puls 4,2325
TBS.com,2326
FEM,2327
Mzanzi Magic,2328
24Kitchen,2329
Astro Mustika HD,2330
tvN DRAMA,2331
CS Mystery,2332
Bindass,2333
Tele Asa Channel 1,2334
Astro Oasis,2335
Universal Television,2336
Singapore Broadcasting Corporation,2337
One,2338
GTV Variety Show,2339
Canal Doce Misiones,2340
KRON-TV,2341
Couleur 3,2342
Balloons,2343
RTLup,2344
Watchit,2345
아이코닉스,2346
Life TV,2347
Circle,2348
Sky News,2349
TV WAU,2350
NBN Television,2351
CH.DIA,2352
로이비쥬얼,2353
ohcon,2354
UrbanflixTV,2355
Vice.com,2356
Prime7,2357
J Storm Inc.,2358
La Xarxa,2359
Channel J,2360
UNIVERSE,2361
RTL Living,2362
Hot Masti,2363
TVtropolis,2364
5-tv,2365
Lihaf,2366
Canal Off,2367
Tamazight,2368
Sigma TV,2369
GB News,2370
Omrop Fryslân,2371
A+,2372
BandSports,2373
SkyGo,2374
Astro Maya,2375
KTN,2376
CETV,2377
National Geographic India,2378
Astro Vaanavil,2379
3e,2380
UEFA.tv,2381
CTV Northern Ontario,2382
Commercial Television,2383
The Sports Network,2384
Shemaroo,2385
Trønder-TV,2386
Lycos,2387
La Fabrique Culturelle,2388
VIPA,2389
C31 Melbourne,2390
HOY TV,2391
canalvie.com,2392
Urban Wall Street,2393
SAT.1 Comedy,2394
채널A,2395
DaAi (TW),2396
SVT Barn,2397
Wretched Network,2398
Disney Channel Asia,2399
UrduFlix,2400
vrak.tv,2401
Channel [V],2402
SWF,2403
WCCO-TV,2404
Vivamax Original Series,2405
WNBC,2406
OzoneTV,2407
Al Kahera Wal Nas,2408
Channel M,2409
ATN,2410
YNN,2411
Full Moon Features,2412
디스커버리 채널 코리아,2413
C-SPAN,2414
BBC Two Northern Ireland,2415
Glitz,2416
Omroep Zwart (nl),2417
la siete,2418
Sistema de Transporte Colectivo,2419
HUMAN,2420
My Canal,2421
Hannibal TV,2422
STUBRU,2423
Wolo Tv,2424
EagleVision,2425
TVB Pearl,2426
TV Azteca,2427
retro-tv,2428
Africa Magic,2429
9now,2430
BitinFlix Presents,2431
Filmmúzeum,2432
SAT.1 Gold,2433
TV 2 Fri,2434
6ter,2435
The CinemaDosti,2436
Discovery Life,2437
Kentucky Educational Television,2438
SESC TV,2439
Channel S,2440
Rabbit,2441
Jednotka,2442
GAORA,2443
Beate-Uhse.TV,2444
Swear.net,2445
BR-alpha,2446
YES Network,2447
10 BOLD,2448
ServusTV Deutschland,2449
SETTV,2450
Jilin Television,2451
Comédie +,2452
Studio 23,2453
Eins Plus,2454
ProSieben Maxx,2455
Voyo (SI),2456
TV3 Latvia,2457
Fokus TV,2458
tvmas,2459
Tchelet TV,2460
KMOV,2461
Trans TV,2462
TV Okey,2463
Uribaba,2464
辽宁广播电视台,2465
ESPN Australia,2466
Sony ESPN,2467
El Hiwar Ettounsi,2468
Viafree,2469
KD2A,2470
CNC,2471
Kooku,2472
Liv,2473
tvN Story,2474
Modo Viagem,2475
Pickx+,2476
Fix und Foxi,2477
RIC,2478
IDNES.tv,2479
RFD-TV,2480
SIC Notícias,2481
HTV7,2482
Revista Oeste,2483
تلفزيون الراي,2484
Danmarks Radio,2485
Cineflix Prime,2486
Inc,2487
Squat,2488
BBC Parliament,2489
N24,2490
unis.ca,2491
The Filipino Channel,2492
Radio-Canada,2493
Diyanet TV,2494
Now TV,2495
ERF 1,2496
RTL Gold,2497
Canal 21,2498
NRW TV,2499
Canal BIS,2500
EWTN,2501
Thainess TV,2502
CP24,2503
Torys4D,2504
Rengoni,2505
Canal 34 de Televisión Mexiquense,2506
Mexicanal,2507
SDR,2508
Midlands Asian Television,2509
BILD TV,2510
Téva,2511
Sport en France,2512
VRT,2513
ITI,2514
VTV1 HD,2515
Ten,2516
Tarang Plus,2517
Thames Television,2518
Super Studios+,2519
지니키즈,2520
CineBrasil TV,2521
TV ZYN,2522
ManiaTV!,2523
Racing TV,2524
CNBC Europe,2525
CASA,2526
AMI-tv,2527
CordesFlix,2528
큐브TV,2529
WCPO-TV,2530
중화TV,2531
Food Network Polska,2532
Primeflix,2533
LATV,2534
Planet Marathi,2535
KTH_키즈,2536
Wealth TV,2537
Wados,2538
Contar,2539
陕西综合频道,2540
Retro Television Network,2541
广州东方明珠文化传播有限公司,2542
DWAO-TV,2543
Cinematic,2544
TVA Sports,2545
RDS,2546
Das Vierte,2547
COSMO,2548
Televicentro,2549
Prima ZOOM,2550
nuvoTV,2551
La Deux,2552
wasu,2553
absolut MEDIEN,2554
Jawwy TV,2555
金鹰卡通,2556
GEM TV,2557
安徽广播电视台,2558
Armenia TV,2559
Ligonier.org,2560
Voxup,2561
n-tv,2562
KayoSports,2563
Kanal 2,2564
Arig Us,2565
Antenna TV,2566
唐朝好男人2,2567
Slovenská televízia Košice,2568
Vidly.tv,2569
O2 TV Sport,2570
MTV Pakistan,2571
tvN SHOW,2572
Animaux,2573
Littlefox,2574
Tunisie 7,2575
YuppTV,2576
Solar News Channel,2577
AZN Television,2578
CMTV,2579
BiteTV,2580
140 Journos,2581
Zieglerfilm,2582
Askania Media Filmproduktion,2583
Longhorn Network,2584
Disney Junior Brasil,2585
Kawaiian TV,2586
РЕН-ТВ,2587
LiTV,2588
Dlive,2589
Paramount+ with Showtime,2590
TBN,2591
PTN,2592
Shabakeye Namayesh Khanegi,2593
Africa Magic Showcase,2594
Al Arabiya,2595
Canal 11,2596
Al Somarya,2597
TLC Deutschland,2598
Godt Norsk,2599
Overland Network,2600
Takflix,2601
Salam TV,2602
Aftonbladet TV,2603
SportsNet New York,2604
Channel 101,2605
TV Noe,2606
World Fishing Network,2607
RTM1,2608
ztele.com,2609
Wonderium,2610
BayaM,2611
Mola TV,2612
ABCd,2613
Первый канал,2614
Mediacorp Channel U,2615
DouYu,2616
Chek,2617
SRG SSR,2618
AB3,2619
Televizija Skopje,2620
BS松竹東急,2621
Sky Krimi,2622
Hubei Television,2623
华视,2624
Canal+ Discovery,2625
zero+,2626
Tiitlii,2627
Telemedellín,2628
ProSieben Fun,2629
MMTV,2630
Revver,2631
MSG,2632
SBS M,2633
Fox Sports Detroit,2634
Vibrophil Media (DE),2635
Arthouse Digital,2636
TéléSud,2637
Warner Channel,2638
Hibe,2639
RDS Info,2640
SuperSport,2641
TVP Kultura,2642
TeleG,2643
Astro GO,2644
ELLE Fictions,2645
MTV Denmark,2646
D'LIVE,2647
Com@Tv,2648
Galavisión,2649
Rush HD,2650
i-CABLE,2651
SBS Food,2652
DZ Distribution LLC,2653
Urbania.ca,2654
Cottonwood Media,2655
Boom Movies,2656
Discovery Home & Health Brasil,2657
Vision+,2658
KPLR-TV,2659
VIVA Network,2660
Yle Arenan,2661
Knowledge Kids,2662
Matkanalen,2663
Godare,2664
KBS Kids,2665
ANIBOX,2666
XTM,2667
FashionN,2668
SBS Biz,2669
RTB,2670
Vodafone TV,2671
Quest Red,2672
SF 1,2673
Colors Kannada,2674
Channel Awesome,2675
Медиа Контент групп,2676
Animal Planet Deutschland,2677
tagesschau24,2678
BabyTV,2679
TF6,2680
TNU,2681
연합뉴스TV,2682
Phoenix,2683
STRO,2684
SBT Vídeos,2685
Doordarshan,2686
ČT sport,2687
Link TV,2688
People's Television Network,2689
Comcast SportsNet,2690
Bioskop Online,2691
Marco Polo TV,2692
Crime+Investigation,2693
Great Belize Television,2694
Perfo Production,2695
Telemundo Puerto Rico,2696
IKON,2697
云南卫视,2698
Rai 4,2699
Panamericana Televisión,2700
Gusto,2701
Saunidlia,2702
OTV,2703
FamilyNet,2704
nosotros tv,2705
ESPNU,2706
Zeste,2707
BBC Earth,2708
CGNTV,2709
HTV9,2710
Motorvision TV,2711
VoyageVoyage.ca,2712
Noovo Moi,2713
TVB Anywhere,2714
vtele.ca,2715
dabei TV,2716
sporttotal.tv,2717
VTV6,2718
Al Fallujah Tv,2719
WTVT,2720
VK (Ru),2721
Movistar Plus+,2722
BINGE,2723
Abendblatt TV,2724
My Channel,2725
ici.radio-canada.ca,2726
KGO-TV,2727
Attessia TV,2728
Big Movie Zoo,2729
Eko,2730
Colors Bangla,2731
Fox Footy Channel,2732
UTV,2733
Prima TV,2734
upian.,2735
ONF/NFB,2736
WJAR,2737
VEEJOY,2738
KOMO-TV,2739
TV RIK,2740
Science & Vie TV,2741
Welt,2742
New England Sports Network,2743
CNEWS,2744
Canal Cocina,2745
ina madelen,2746
Original Black Entertainment TV,2747
Joodse Omroep,2748
MHz WorldView,2749
KDKA-TV,2750
旅顺记忆1904-1905,2751
Cartoon Network Japan,2752
Children Channel,2753
TV3 Estonia,2754
MAtv,2755
Nebula,2756
STAR Kiran,2757
A+E Networks UK,2758
Свэлл,2759
Ria HD,2760
Kuaishou,2761
WTOP-TV,2762
WSMV-TV,2763
Talking World Media House,2764
Marca Perú,2765
Mouv,2766
Telemetro,2767
Merbar Original,2768
Drink TV,2769
Free Speech TV,2770
Overmyer Network,2771
Toggo Plus,2772
Green Tv Entertainment,2773
Channel 9,2774
Deluxe Music,2775
TV Excelsior,2776
Real Madrid TV,2777
Great American Country,2778
MTV Base Africa,2779
ONTV Nigeria,2780
STAR Pravah,2781
HEY Play(MM),2782
NHK BS,2783
kabel eins classics,2784
Infomix,2785
Times Square Church,2786
Channel I,2787
Jak TV,2788
TV조선,2789
HRTV,2790
GMA FantaSeries,2791
justepourrire.com,2792
WeiLai,2793
Nuts TV,2794
Loaded TV,2795
Telenorba,2796
WebSerials.com,2797
山西卫视,2798
翡翠台,2799
TVI24,2800
Das Erste,2801
First Channel,2802
Atresplayer,2803
Sky Sport News,2804
Digital Playground,2805
The Biography Channel,2806
Nessma El Jadida,2807
LINE NEWS VISION,2808
GOODDAY OFFICIAL,2809
TV4 Play,2810
True Crime,2811
ABC Kids,2812
Polsat Box,2813
Polsat Box Go,2814
CNN Max,2815
Frissons TV,2816
DeA Sapere,2817
Матч ТВ,2818
RTL Plus,2819
Rede Bahia,2820
tv syd,2821
e.tv,2822
Rekun TV,2823
AD TV,2824
TOD,2825
ITV,2826
ITV Play,2827
Men & Motors,2828
Sat1 Emotions,2829
Ustreme,2830
ЦСДФ СССР,2831
الإذاعة المصرية,2832
نجوم اف ام,2833
ميجا اف ام,2834
شعبي اف ام,2835
راديو هيتس,2836
Studio 100 TV,2837
株式会社ブロードウェイ,2838
株式会社パル企画,2839
NIHON SKY WAY (JP),2840
Libreplay,2841
Awaan,2842
NHK BSP4K,2843
San Marino RTV,2844
SX3,2845
Nile FM,2846
‎NogoumFM,2847
NRJ Egypt,2848
BBC Select,2849
Karikku,2850
Manorama Max,2851
SR Fernsehen,2852
Rutube,2853
EmotionalFulls,2854
BBC TWO,2855
TLN,2856
5*,2857
History (DE),2858
X (social media),2859
TV3alacarta,2860
Casa e Cozinha,2861
WCAX-TV,2862
KGW,2863
KNBC,2864
WMAQ-TV,2865
WDVM-TV,2866
DailyWire+,2867
KQED,2868
MyNews,2869
eoTV,2870
Venevisión Plus,2871
Antena 7,2872
NHNZ Worldwide,2873
Jamie Shertick Productions,2874
CKVU-DT,2875
3net,2876
WKAQ-TV,2877
Pulse Prime,2878
ADN,2879
Planet,2880
tvonic,2881
mnews,2882
Dubai One,2883
AGTV,2884
Minno,2885
a2tv,2886
IB SPORTS,2887
Boomerang DE,2888
Planète+,2889
สถานีโทรทัศน์ช่อง 3,2890
HSV,2891
Digital Mov,2892
WORLD Channel,2893
Aj+ Arabi,2894
Swarnavahini TV,2895
Channel Television,2896
NJTV-3,2897
TV Rá-Tim-Bum,2898
KITE VICTERS,2899
吉林广播电视台,2900
더라이프,2901
Anhui Broadcasting Corporation,2902
SF 2,2903
Marte Televisión,2904
湖南广播影视集团有限公司,2905
Gong,2906
Fashion One,2907
NewTV,2908
teve2,2909
新疆卫视,2910
Gallery HD,2911
TVA+,2912
WHYY-TV,2913
成都电视台,2914
COZI TV,2915
Junior,2916
Tc Televisión,2917
Hipstr,2918
FTV,2919
WWLW,2920
Water Channel,2921
국방TV,2922
TNT Sports,2923
Ordu Altaş TV,2924
JTBC3 Fox Sports,2925
Andalucía Televisión,2926
American Forces Network,2927
KFVE,2928
UKTV Play,2929
河南卫视,2930
윤앤컴퍼니,2931
RTV Katwijk,2932
Арт-Экспресс,2933
CNN-News18,2934
DZKB-TV,2935
Rotana Khalijia,2936
江苏卫视,2937
rowbot productions,2938
59th Parallel Productions Inc,2939
GaroyeTV,2940
4Music,2941
宁夏电视台,2942
TV3-Thailand,2943
JiaJia Cartoon,2944
IRIB Amoozesh,2945
RTL9,2946
IRIB tv4,2947
KIRO-TV,2948
Sleutelstad TV,2949
TV West,2950
RTV Bangladesh,2951
Crea TV,2952
TVN Turbo,2953
Sky Angel,2954
Culturebox,2955
WatchFree+,2956
Health TV,2957
Canal UOL,2958
Channel 31,2959
Movies4Men,2960
Dunya TV,2961
Curta!,2962
BumBam,2963
ICU Documentaries,2964
BS Yoshimoto,2965
优酷,2966
IRIB Tamasha,2967
TNT Glitz,2968
Bright House Sports Network,2969
캐리TV,2970
SHO.com,2971
TV Cidade,2972
Spike (GB),2973
Nebraska Educational Telecommunications,2974
Киевтелефильм,2975
Synergy TV,2976
DIA TV PLUS,2977
ESPN.com,2978
HIFI,2979
Cowboy Way,2980
Mega Plus,2981
Yoopa,2982
#LetsDoeIT,2983
NOTTV,2984
2STV,2985
SEN TV,2986
Wido,2987
RTL 8,2988
Bloomberg Television,2989
Polsat News,2990
WIPR,2991
Theater Mania,2992
Nouvelle Calédonie 1ère,2993
DTour,2994
OGN,2995
Live Well Network,2996
필콘미디어,2997
njam!,2998
DFF 2,2999
USPHTV,3000
Radiotelevizija Beograd,3001
ABC Nyheter,3002
The Pentagon Channel,3003
Shaw TV,3004
Sari-Sari Channel,3005
Game one,3006
Synergetic,3007
LCN,3008
TV Berlin,3009
RheinMain TV,3010
BW Family TV,3011
YesFlix,3012
Atomic Network,3013
BHNews TV,3014
Наше HD,3015
SNS,3016
CBS News,3017
TrinkFlix,3018
MTV Russia,3019
HD1,3020
Elisa Elamus,3021
Russian TV,3022
ESPNews,3023
Shanxi Television,3024
CiF TV,3025
LRT Televizija,3026
WOR-TV,3027
Travel Box Brazil,3028
TVU,3029
Bem Simples,3030
YoungLife TiVi,3031
ichannel,3032
PLUSPLUS,3033
Ideapod,3034
The Huffington Post,3035
National Geographic Asia,3036
Deutscher Fernsehfunk,3037
Be Mad,3038
RVU,3039
canal 9,3040
GolTV,3041
Philos,3042
Obi,3043
PiliFlix,3044
Gloobinho,3045
Giga Gloob,3046
ZWLS,3047
Look du jour,3048
Super!,3049
DeA Kids,3050
GMA News TV,3051
CTV Life Channel,3052
CTV Atlantic,3053
VPK,3054
TVR 2,3055
BRB Internacional,3056
Mordu,3057
Good Food,3058
ImaginAsianTV,3059
Dược sĩ Tiến • Entertainment,3060
Al Aoula,3061
Xploration Station,3062
MTV Poland,3063
Wrestle Universe,3064
Laugh Out Loud,3065
브라보키즈,3066
Shoptime,3067
Barely Not Monkeys,3068
Ishara TV,3069
NHL Network,3070
Canal 44 UDGTV,3071
L8,3072
SilverbirdTV,3073
WNL,3074
Discovery en Español,3075
ACC Network,3076
The Pet Network,3077
El Djazairia One,3078
London Live,3079
TV Gelderland,3080
Savoir média,3081
Sparkk tv,3082
BBC South Africa,3083
GIGA,3084
BBC Sport,3085
Takarazuka Sky Stage,3086
WFAA,3087
Vivendi Entertainment,3088
imbc,3089
makoTV,3090
Trouble,3091
Planète,3092
RTL Passion,3093
APTN lumi,3094
Woohoo,3095
Mix Be lAraby,3096
قناة القاهرة والناس 2,3097
قناة صدى البلد دراما,3098
RTSI,3099
SAPO Vídeos,3100
KMEX-DT,3101
Massengeschmack.TV,3102
RT UK,3103
CBC Comedy,3104
Ciak Telesud,3105
WTBS Atlanta,3106
BbangyaTV,3107
ZDF Theaterkanal,3108
RTP Memória,3109
Mono Max,3110
doxx-tv (DE),3111
MCM,3112
TB Entertainment,3113
NBC Weather Plus,3114
Kayo Pops Channel,3115
北京广播电视台卡酷少儿频道,3116
Polar+,3117
Imparja Television,3118
Pzaz TV,3119
GMMTV,3120
Zee Telugu,3121
Nanjing Broadcasting System,3122
Repubblica TV,3123
Cartoon Network MENA,3124
NYC TV,3125
CJOH-DT,3126
Kanaltürk,3127
3min,3128
Community Channel,3129
CNBC World,3130
WDIV-TV,3131
TV Globo Brasília,3132
FilminLatino,3133
Estonian Public Broadcasting (ERR),3134
Downtown Pictures Production (EE),3135
NASA TV,3136
Bold,3137
BBC Lifestyle,3138
UOL. Doc,3139
TFM,3140
ctv.ca,3141
Ningxia Television,3142
TOMYSTIME,3143
Drama,3144
TV2 Øst,3145
Pasadena Community Network,3146
KEYC-TV,3147
CGTN,3148
Kwai,3149
Access 31,3150
Alsumaria TV,3151
Trans7,3152
CONMEBOL Libertadores,3153
TV Slovenija,3154
TV Pětka,3155
Vale TV,3156
Deeper.com,3157
TV Rain,3158
Pink Lemon,3159
barrandov.tv,3160
DD Chandana,3161
TV UNAM,3162
AwesomenessTV App,3163
Sky News Weather Channel,3164
VIDI Space,3165
ANS TV,3166
Myanmar National TV (MNTV),3167
ABXplore (BE-FR),3168
Nation TV,3169
MTV Philippines,3170
Fox Classics,3171
BEC-TV,3172
Voice tv,3173
Fox Footy,3174
Vice Media (AU),3175
TMF Vlaanderen,3176
HME ORIGINALS,3177
NDTV,3178
BTV4U,3179
BESIDE,3180
KQEH,3181
Foxtel Arts,3182
ČT3,3183
Fox Sports Sun,3184
Sportsnet,3185
BX1,3186
DRG History,3187
Doc Story,3188
Ripe TV,3189
푸른영상,3190
Rocketsheep Studio,3191
TV Zimbo,3192
C3,3193
TVT,3194
JAYE Ent.,3195
Billiards TV,3196
Spacetoon,3197
Country Music Channel,3198
"телеканал ""Звезда""",3199
Comedy Central Netherlands,3200
Setanta Sports USA,3201
EinsPlus,3202
Санкт Петербург,3203
Voltage TV,3204
IFC.com,3205
vodio,3206
朝日电视台,3207
RTI1,3208
Pop Max,3209
CNBC TV18,3210
中央电视台影视部,3211
INHD,3212
BroadwayWorld,3213
TCN,3214
BET Her,3215
disney.com,3216
The Box,3217
TMF,3218
gtunes,3219
DPTV,3220
CNA,3221
코코믹스,3222
Óčko,3223
MYTF1 MAX,3224
Okolo Kino,3225
Свастик Продакшнс,3226
Central Independent Television,3227
СПАС,3228
LMT Viedtelevīzija,3229
Vasanth TV,3230
Yorkshire Television,3231
Soul Mate Tv,3232
Venezolana de Televisión,3233
Editorial Planeta,3234
Astro Aruna,3235
El Hiware et Tounsi,3236
Tastemade Brasil,3237
Yey!,3238
더라이프채널,3239
sport 5,3240
Comedy Central (PL),3241
DSF,3242
Life Network,3243
Sports Live+,3244
moietcie.ca,3245
Domo+,3246
FreeSports,3247
Zee Marathi,3248
ChikooFlix,3249
Junior TV (D),3250
北京影视频道,3251
湖南娱乐频道,3252
上海新闻综合频道,3253
SBS Golf,3254
Womp Channel,3255
Aurora Community Channel,3256
KATU,3257
M2 Petőfi TV,3258
OnDirectTV,3259
KJRH-TV,3260
FashionTV,3261
Citizen TV,3262
ABV,3263
The 101,3264
CTV News Channel,3265
MTV Base,3266
Moya Planeta,3267
Al Rasheed TV,3268
CanalPlay,3269
ESPN3,3270
ESPN360,3271
TV Matsumoto,3272
Korean Central Television,3273
TV Vest,3274
Europe 1,3275
element14,3276
Information TV,3277
Cornerstone Television,3278
큐허브,3279
깨비키즈,3280
TVG Network,3281
MKVT,3282
CityShor,3283
Documentary Channel,3284
BOP1 Productions Inc.,3285
Tr3s,3286
DIA TV,3287
CliffMovies,3288
NTN,3289
宁波新闻综合频道,3290
Sandbox+,3291
BBC Knowledge,3292
Nowa TV,3293
Signature Entertainment,3294
TCT,3295
Lismo TV,3296
Discovery Geschichte,3297
Nile Comedy,3298
Scientology Network,3299
Ekushey Television,3300
The Africa Channel,3301
RCI viva,3302
Asenshu,3303
China Education Television,3304
CCTV-17,3305
addik.tv,3306
GETTR,3307
Horse and Country TV,3308
WJYS,3309
SportsChannel America,3310
UULA,3311
Rotana Drama,3312
Crime Investigation Polsat,3313
Akash Bangla,3314
KBS N SPORTS,3315
CreativeLive,3316
Erdély TV,3317
7flix,3318
Fox Sports Brasil,3319
WKAR-TV (US),3320
ČTV,3321
Clipfish,3322
スカイパーフェクTV,3323
Biggs,3324
Media Factory,3325
Kvartal TV,3326
Interesnoe TV,3327
WGCT-CA,3328
Al Rabiaa,3329
Mauzi Films,3330
Olympic Channel,3331
동아TV,3332
Canadian Broadcast Company,3333
Avanti Cinema,3334
Beachbody,3335
TVNZ Duke,3336
HotHit,3337
Sebastiyan,3338
TV Aratu,3339
Scoop,3340
SHANT TV,3341
CatholicTV,3342
Versus,3343
SBS Sports,3344
TruBlu,3345
Chronos,3346
Abanteflix,3347
BBC One South East,3348
Looke,3349
Discovery Home,3350
Streamwaze,3351
Fact TV UK,3352
Zaragoza TV,3353
tva.ca,3354
ESPN Extra,3355
MusiMax,3356
FWTV,3357
Lionsgate Television,3358
Discovery Turbo Brasil,3359
WAGA-TV,3360
RTL+ (HU),3361
Blast,3362
MUTV,3363
UNLEASHED.tv,3364
iTV Thailand,3365
TV MS,3366
MTV Hungary,3367
TV Luna,3368
نايل دراما,3369
TheBlaze,3370
Curiosity TV (DE),3371
Shamshad TV,3372
XTV,3373
Warner TV Next,3374
Rock & Pop,3375
E채널,3376
LNK,3377
ici.artv.ca,3378
Reveel,3379
SWR,3380
Viddsee,3381
True Crime Network,3382
Rapture TV,3383
7+ (AU),3384
Kanal Lokal Göteborg,3385
GMA Pinoy TV,3386
RTSH 1,3387
SHOWROOM,3388
Colors Super,3389
Dumpert,3390
KYW-TV,3391
Cartoon Monsoon,3392
TV3+,3393
7plus,3394
MMUSA,3395
BSJapanext,3396
M2,3397
Vine,3398
DW-TV,3399
MCE TV,3400
VERY TV,3401
mcot family,3402
NQQ,3403
WXYZ (ABC - Detroit),3404
Fairchild TV,3405
Nectar TV,3406
NOW 26,3407
Jewelry Television,3408
Ebru TV,3409
GO3,3410
Meta Quest TV,3411
Pac-12 Network,3412
Joyn,3413
TF1 Séries Films,3414
Sky Arts HD,3415
Green TV Entertainment,3416
DD Sahyadri,3417
央视八套，腾讯视频,3418
Acht TV,3419
Disney Channel (PT),3420
Disney Junior (PT),3421
Orange,3422
KOCO-TV,3423
COACH-KIN,3424
NTV Variety,3425
uflix,3426
DKISS,3427
Muz-TV,3428
KCTS-TV,3429
Sky Arte (IT),3430
EXQI Plus,3431
LLINK,3432
WTSP,3433
tv8,3434
