network_id,network_name
1,HBO
2,Netflix
3,Antena 3
4,AMC
5,FOX
6,The CW
7,ABC
8,Disney+
9,CBS
10,BBC One
11,BBC Two
12,Prime Video
13,Adult Swim
14,TV Tokyo
15,NBC
16,The WB
17,History
18,YouTube Premium
19,Fuji TV
20,Gunma TV
21,Tokyo MX
22,BS11
23,Tokai Television Broadcasting
24,Kansai TV
25,Tochigi TV
26,Fukui TV
27,Hokkaido Cultural Broadcasting
28,Iwate Menkoi Television
29,Television Oita System
30,Sendai Television
31,SAGA TV
32,Ishikawa TV
33,Television Nishinippon
34,OHK
35,Kochi Sun Sun Broadcasting
36,Television Shin Hiroshima System
37,TV Shizuoka
38,UMK TV Miyazaki
39,NST
40,NBS
41,Sakuranbo TV
42,TSK
43,Ehime Broadcasting
44,KTS
45,Fukushima TV
46,NIB
47,AKT
48,Toyama Television
49,TV Kumamoto
50,Okinawa Television Broadcasting
51,MBS
52,NHK G
53,FX
54,Univision
55,Las Estrellas
56,Hulu
57,tv asahi
58,TBS
59,CBC
60,TV Aichi
61,TVQ
62,TV Osaka
63,Tulip Television
64,TVh
65,SBC
66,TSC
67,BSN
68,tys
69,Nagasaki Broadcasting Company
70,HBC
71,RKK Kumamoto Broadcasting
72,i-Television
73,SBS TV
74,IBC Iwate Broadcasting
75,Broadcasting System of San-in
76,Hokuriku Broadcasting
77,Oita Broadcasting System
78,TV-U Fukushima
79,RSK
80,TV-U Yamagata
81,Tohoku Broadcasting
82,RKB
83,TV Kochi Broadcasting
84,Ryukyu Broadcasting
85,TV Yamanashi
86,RCC
87,MRT Miyazaki Broadcasting
88,ATV
89,MBC South Japan Broadcasting
90,Nippon TV
91,YTV
92,USA Network
93,CBC Television
94,Channel 4
95,TF1
96,Comedy Central
97,MTV
98,Syfy
99,Showtime
100,Nickelodeon
101,Paramount+
102,Caracol TV
103,Freeform
104,RCN
105,Nagasaki Culture Telecasting Corporation
106,Lifetime
107,Telemundo
108,tvN
109,Disney Channel
110,Disney XD
111,DC Universe
112,HBO Max
113,Cartoon Network
114,ABC Family
115,Starz
116,FOX España
117,Apple TV+
118,Pantaya
119,ANIMAX
120,Paramount Network
121,AT-X
122,BS TV Tokyo
123,KBS2
124,VIU
125,tvk
126,CBS All Access
127,UPN
128,Blim
129,Yahoo! Screen
130,A&E
131,Azteca Uno
132,Fox Kids
133,WOWOW Prime
134,National Geographic
135,Atresplayer Premium
136,Syndication
137,KBS Kyoto
138,ABEMA
139,Max
140,TV Globo
141,ITV1
142,ESPN
143,BBC Three
144,Space
145,BBC America
146,E4
147,TNT
148,FXX
149,ABC TV
150,Distrito Comedia
151,VH1
152,Cinemax
153,laSexta
154,TV3
155,SBS
156,MTV Latin America
157,RecordTV
158,Chiba TV
159,PBS
160,E!
161,Spike
162,MBC
163,Canal+
164,#0
165,Kids Station
166,GMM 25
167,Show TV
168,Showcase
169,Family Chrgd
170,CHCH-DT
171,RTÉ One
172,atv
173,Epix
174,MGM+
175,Peacock
176,NRK P3
177,NRK3
178,Toon Disney
179,CTV
180,YouTube
181,Star TV
182,Bandai Channel
183,Sun TV
184,bilibili
185,NHK BS2
186,NHK BS Premium
187,Teletama
188,Crunchyroll
189,Niconico
190,iQiyi
191,Youku
192,Mango TV
193,Tencent Video
194,UniMás
195,ENA
196,Network Ten
197,Eleven
198,Discovery Family
199,Hub Network
200,BS Fuji
201,ViX
202,Family Channel
203,GBS
204,BS-TBS
205,Animax Asia
206,Hunan Television
207,G4
208,Disney Junior
209,SVT1
210,DR1
211,Sky One
212,Sky Max
213,Discovery
214,Sky Atlantic
215,HBO España
216,TNT Latin America
217,Kakao TV
218,Nine Network
219,Prime Time Entertainment Network
220,France 2
221,Antenne 2
222,La Cinq
223,CITV
224,Clan
225,Rai 1
226,TVING
227,Canal 5
228,Nick Jr.
229,Rai 2
230,Weverse
231,JTBC
232,Russia-1
233,Audience
234,Fox Premium Series
235,IMDb TV
236,Spectrum
237,Televisión Pública Argentina
238,ZDF
239,Kanal D
240,OCN
241,Azul Televisión
242,MTV2
243,Dave
244,Teletoon
245,V LIVE
246,Boomerang
247,Channel One
248,truTV
249,ABC KIDS
250,WWE Network
251,France 3
252,Canal+ Family
253,Gulli
254,ZDFneo
255,SundanceTV
256,Cartoon Network Anything
257,Televisión Nacional de Chile
258,Cartoon Network Latin America
259,AXN
260,The New TNN
261,El Rey Network
262,WGN America
263,Claro Video
264,Fox Latin America
265,SKY PerfecTV!
266,Chiller
267,Shudder
268,Nagoya TV
269,Canal J
270,TV5
271,Kapamilya Channel
272,Jetix
273,Military Channel
274,PLANÈTE+
275,10 Play
276,10 Shake
277,Nicktoons
278,ORF
279,Telefe
280,showcase
281,FOX Showcase
282,NET.
283,Orange TV
284,NHK Educational TV
285,Hallmark Channel
286,National Geographic Channel
287,Citytv
288,Chukyo TV
289,RNB
290,Global TV
291,mitele
292,FDF
293,Telecinco
294,Sky History
295,National Educational Television
296,Kan 11
297,TV8
298,HBO Nordic
299,CMT
300,CBBC
301,ABC.com
302,RÚV
303,NRK1
304,Logo
305,C More
306,LINE TV
307,WeTV
308,Premier
309,TV Land
310,OCS Max
311,HBO Family
312,América Televisión
313,Travel Channel
314,discovery+
315,Crackle
316,RAB
317,TVI
318,YBC
319,BBC iPlayer
320,VTM
321,Canal Uno
322,Comedy Central Latinoamérica
323,Investigation Discovery
324,La 1
325,HTB
326,HBO Latin America
327,TVNZ 1
328,ABC Me
329,Stan
330,Canal 1
331,Bell TV
332,Rooster Teeth
333,Viaplay
334,KiKa
335,OUFtivi
336,Fox Nation
337,Playstation Network
338,H2
339,RTL
340,yes
341,RaiPlay
342,BBC Four
343,NAVER TV
344,HBO Europe
345,Pop
346,ARD
347,Zhejiang Television
348,MyNetworkTV
349,eltrece
350,ITV Encore
351,RCTV
352,HBO Brasil
353,StarPlus
354,Disney+ Hotstar
355,Lodynet
356,Sky Arts
357,M6
358,Crave
359,Associated Television
360,puhutv
361,Quibi
362,The Roku Channel
363,TNT Serie
364,Rede Manchete
365,OWN
366,d Anime Store
367,BET
368,TVA
369,HERO'S
370,Rakuten TV
371,HBO Asia
372,Science
373,VidAngel
374,Angel Studios
375,SRF 1
376,BS4
377,Sky Comedy
378,CCTV-8
379,Migu Video
380,IFC
381,STV
382,Stargate Command
383,SABC 1
384,Italia 1
385,ITV2
386,Starzplay
387,Lionsgate+
388,ZEE5
389,Zee Alwan
390,Christian Broadcasting Network
391,CW seed
392,Sony Entertainment Television
393,TRT 1
394,Fuji TV NEXT
395,Bravo
396,ABC Comedy
397,NDR Fernsehen
398,Sky Cinema
399,National Geographic: Latinoamérica
400,VRT 1
401,Arte
402,PassionFlix
403,Yle TV2
404,MTV Global
405,Channel 5
406,Showmax
407,Mega
408,CBeebies
409,Central Television USSR
410,AMC+
411,The Movie Network
412,HBO Canada
413,Ülke TV
414,ORF 2
415,ProSieben
416,Canal A
417,SAT.1
418,Treehouse TV
419,Sky Living
420,Canal Once
421,La Une
422,Amazon Freevee
423,TV Chosun
424,STAR+
425,Exxen
426,PBS Kids
427,TV 2
428,Playboy TV
429,HGTV
430,funnyordie.com
431,Much
432,MTV Canada
433,Kyushu Asahi Broadcasting
434,Oita Asahi Broadcasting
435,Asahi Broadcasting Aomori
436,Niigata Television Network 21
437,khb
438,KFB
439,HOME
440,KSB
441,Kagoshima Broadcasting
442,Iwate Asahi TV
443,Akita Asahi Broadcasting
444,Yamagata Television System
445,Shizuoka Asahi TV
446,Asahi Broadcasting Nagano
447,Hokuriku Asahi Broadcasting
448,Ehime Asahi TV
449,Yamaguchi Asahi Broadcasting
450,Kumamoto Asahi Broadcasting
451,Ryu-Q Asahi Broadcasting
452,Imagen Televisión
453,Venevisión
454,GameTap
455,Bollywood بالعربي
456,RTL Télé
457,Oxygen
458,TV One
459,Yle TV1
460,MagentaTV
461,Sony Channel
462,Sony Liv
463,Sky Witness
464,ONE 31
465,NET
466,S4C
467,Fox
468,CTV Two
469,TVP1
470,TVFPlay
471,Super Channel
472,Sky Nature
473,TNT España
474,STS
475,Domashniy
476,Televisión de Galicia
477,Azteca Trece
478,MBC Drama
479,Alibi
480,TTV Main Channel
481,arte.tv
482,Playhouse Disney
483,BluTV
484,Family Gekijo
485,TV-3
486,TVNZ 2
487,Sky
488,DMAX
489,Sport 1
490,RocketJump
491,M-Net
492,RTL+
493,Esquire Network
494,NBCSN
495,France 4
496,CNN
497,BYU Television
498,Kanal 7
499,Reelz
500,BritBox
501,1+1
502,TIMVision
503,TLC
504,Court TV
505,NHK BS1
506,NHK
507,WLVI
508,Divinity
509,Destination America
510,Prime
511,Jiangsu Television
512,START
513,Zee TV
514,CoLours TV
515,Cooking Channel
516,Food Network
517,SpiegelTV
518,Now
519,Seven Network
520,wavve
521,Xbox Live
522,SBS 2
523,K2
524,Fox Sports Networks
525,Pursuit Channel
526,Twitch
527,AXS TV
528,Azteca América
529,Velocity
530,Discovery Real Time
531,MotorTrend
532,Monte Carlo TV
533,VOOT
534,JioCinema
535,Vimeo
536,RTL-TVI
537,CBC Gem
538,Viki
539,iQIYI
540,Cuatro
541,Československá televize
542,Universal TV
543,SBS On Demand
544,Movie Central
545,CTV Sci-Fi Channel
546,WE tv
547,Animal Planet
548,Canale 5
549,TV 2 Play
550,OPTO
551,JNN
552,Colors
553,10 Peach
554,TV4
555,Crime + Investigation
556,MSNBC
557,FOD
558,OCS City
559,Latina Televisión
560,France TV Slash
561,Sky Crime
562,Virgin Media One
563,Beijing Television
564,Dragon TV
565,ON
566,MBC MASR
567,Shahid
568,more.tv
569,Elisa Viihde
570,Elisa Viihde Viaplay
571,W-STORY
572,PTS
573,Fox Sports 1
574,ESPN+
575,OLN
576,Shizuoka Kenmin TV
577,Star One
578,KinoPoisk HD
579,Discovery Kids
580,CCTV
581,Play4
582,GyaO!
583,France 5
584,watcha
585,Hikari TV
586,STAR Chinese Channel
587,Canal 13
588,VRV
589,Flooxer
590,SoHo
591,go90
592,Nat Geo Wild
593,ION Television
594,VARA
595,Acorn TV
596,Starz Encore
597,bravo
598,Viu
599,GMA Network
600,Nitteleplus
601,Flow
602,BBC Choice
603,BET+
604,TVP2
605,EBS 1
606,Okko
607,joyn
608,Mie TV
609,Česká televize
610,VPRO
611,NRK Super
612,SVT Play
613,ICI Radio-Canada Télé
614,ITVX
615,TeenNick
616,JiangXi Television
617,Tele5
618,GagaOOLala
619,Slice
620,BNT 1
621,Pax TV
622,TVE
623,iTunes Store
624,SBT
625,Canal FOX
626,Viceland
627,Canal+ Poland
628,Fox Brasil
629,C2S Network
630,CTV Drama Channel
631,BBC Scotland
632,logotv.com
633,Funimation
634,Rai Gulp
635,Coupang Play
636,Sab Tv
637,Keshet 12
638,Hallmark Movies Now
639,GAC Family
640,Amazon miniTV
641,TV Thunder
642,Vice TV
643,Facebook Watch
644,Apple Music
645,fyi
646,CHOCO TV
647,Daum tvPot
648,U-NEXT
649,Three
650,Inter
651,CNBC
652,DD National
653,Yahoo! Dōga
654,oksusu
655,SeeSo
656,Lifetime Movies
657,ICTV
658,Canal 22
659,Kanal 6
660,Warner TV
661,SIC
662,Brat TV
663,TVOntario
664,Makeful
665,Rai Play
666,Channel 3
667,Play UK
668,HOT3
669,Universal Channel
670,VOX
671,BBC First
672,BBC UKTV
673,PlayZ
674,Channel 2
675,TROS
676,AVROTROS
677,Sohu
678,London Weekend Television
679,CCTV-1
680,Kanal 5
681,7TWO
682,TVB Jade
683,Fusion
684,NOVA
685,W Network
686,RTP1
687,RTF Télévision
688,BBC Television
689,Eurovision
690,RAI 4K
691,W
692,BR Fernsehen
693,RTL 4
694,MuchMore
695,RTÉ2
696,Reshet 13
697,WDR Fernsehen
698,SWR Fernsehen
699,MX Player
700,Mega TV
701,niconico Channel
702,Zues
703,ORTF Télévision
704,Cosmote TV
705,Qubo
706,Machinima
707,TV Cultura
708,Télétoon+
709,Seezn
710,STAR World India
711,Polsat
712,ICI RDI
713,Globoplay
714,Facebook
715,Amazon Kids+
716,HappyKids
717,bTV
718,Family Jr.
719,iflix
720,TMC
721,Fullscreen
722,funk
723,ETB2
724,TVNZ+
725,Viva
726,Noggin
727,The N
728,CTS
729,Binge
730,Videoland
731,Fuse
732,2x2
733,Weyyak
734,Friday!
735,Channel Eser
736,RTS 1
737,Nova S
738,Sky Uno
739,TVN
740,RTS Un
741,RSI LA1
742,Sky Serie
743,NPO 3
744,KRO
745,Qatar TV
746,MBC 1
747,Qalbox
748,TV 2 Charlie
749,TV2 Play
750,Nick at Nite
751,Discovery+
752,TV 2 Zulu
753,Travel Channel United Kingdom
754,France.tv
755,Toons.TV
756,Blackpills
757,MBN
758,ALTBalaji
759,TVP
760,Anhui Television
761,Formosa TV
762,GTV
763,VideoLand Movie
764,dTV
765,Band
766,Club Illico
767,AcFun
768,Fox Action Movies
769,Fox News Channel
770,CTV Main Channel
771,REN TV
772,ABS-CBN
773,Stöð 2
774,Tianjin Television
775,BBC One Scotland
776,BBC Two Scotland
777,3Plus
778,AutoMoto La Chaine (FR)
779,DFF 1
780,KKTV
781,iWantTFC
782,Here TV
783,Lotus Play
784,Alhayah
785,Dubai TV
786,Prva
787,TOP kanal
788,Nara Television
789,Super RTL
790,Planète+ A&E
791,TV Nova
792,Voyo
793,hoichoi
794,Dlife
795,RTVE Play
796,Turkmax
797,Pokémon TV
798,Dramax
799,La Red
800,TSB
801,MTV Lebanon
802,5USA
803,OUTtv
804,Ficción Producciones
805,WOW Presents Plus
806,Streamz
807,BNNVARA
808,HEI Network
809,Movistar TV
810,KION
811,Chilevisión
812,RBB Fernsehen
813,STB
814,ivi
815,TV Perú
816,AVRO
817,Super
818,Genie TV
819,Yle Areena
820,Crime District
821,HOT8
822,MBC 4
823,MBC IRAQ
824,More4
825,Dplay
826,EO
827,Rai 3
828,UMC
829,ALLBLK
830,Play Suisse
831,Sjónvarp Símans
832,MTV Japan
833,Vivamax
834,NewsNation
835,Eden
836,La 2
837,Game Show Network
838,Smithsonian Channel
839,Astro Ria
840,The Comedy Channel
841,RTL 5
842,Play5
843,GAİN
844,GTH On Air
845,Channel 4 (Online)
846,Mnet
847,myVideo
848,VTM GO
849,addikTV
850,BMW Films
851,NTV
852,Wink
853,Fearnet On Demand
854,CFPL-TV
855,RTVS
856,Duna
857,Tubi
858,TGRT
859,MTV3
860,Virgin Media Television
861,CTV Comedy Channel
862,Hum TV
863,Zee Zindagi
864,Be tv
865,WATCH iT!
866,ČT1
867,NPO 1
868,NPO 2
869,SERIES on
870,Sub
871,5Star
872,DMM TV
873,RMC Story
874,Sportsman Channel
875,themeateater.com
876,Alpha TV
877,Veronica
878,Vidol
879,Paravi
880,TrueID
881,Bio.
882,Anime Network
883,IRIB TV1
884,PTV Home
885,ANT1
886,NHK WORLD-JAPAN
887,The Comedy Network
888,Magyar Televízió
889,Che
890,Fifth Channel
891,Russia-2
892,NTV MIR
893,DTV
894,Russian Detective
895,TV-6
896,Fuji News Network
897,VRT CANVAS
898,GoPlay
899,DirecTV
900,Pro TV
901,SkyShowtime
902,Palladia
903,Tele 5
904,Markíza
905,UMAX
906,Heavenly
907,Télé-Québec
908,Arena
909,Player Original
910,Bounce TV
911,Sjuan
912,ZDFinfo
913,KBS1
914,DMC Drama
915,DMC
916,Sanlih E-Television
917,Al Saudiya
918,TVR 1
919,Euronews
920,Fuji TV TWO
921,ERT1
922,LifeStyle
923,VRAK
924,LeTV
925,Novyi Kanal
926,TV Paprika
927,NHK BS4K
928,TVNOW
929,Really
930,Direct 8
931,UP TV
932,friDay Video
933,Sky Italia
934,ABC TV Plus
935,Abu Dhabi TV
936,Noor Dubai
937,hr-fernsehen
938,Dropout
939,Multishow
940,BS Asahi
941,IRIB TV3
942,Judy
943,Cadenatres
944,Hikari TV Channel+
945,Tien
946,MTV Italia
947,Wawayu Animation
948,RMC Découverte
949,TNT Comedy
950,ORTF Télévision 2
951,Warhammer TV
952,CBCDrama
953,TVOKids
954,PokerGO
955,Mondo TV
956,Pogo
957,V
958,RTV 1
959,Superstar TV
960,Dom Kino
961,Smotrim
962,Ukraine
963,STAR Vijay
964,Namava
965,TZGZ
966,Gold
967,PPTV
968,ITVBe
969,7mate
970,KPN Presenteert
971,Channel A
972,STAR Maa
973,Chorki
974,Yle Fem
975,DR2
976,UTV IRAQ
977,Channel 9 MCOT HD
978,MALL.TV
979,JSTV
980,SBS Plus
981,Yesterday
982,NTS
983,9Go!
984,Tiny Pop
985,RTP Play
986,SVT2
987,NRK
988,Cinema Heaven
989,iHQ
990,MBC every1
991,RTL II
992,BNN
993,Video Pass
994,TELASA
995,Paramount Comedy 1
996,NHK＋
997,RTÉjr
998,Carousel
999,Russia-Kultura
1000,Discovery Health Channel
1001,Centric
1002,Hallmark Movies & Mysteries
1003,HRT 1
1004,OLL.TV
1005,Planeta Junior
1006,Boing
1007,KTH
1008,DAZN
1009,Tiji
1010,W.
1011,ART Hekayat
1012,ART Hekayat Kaman
1013,Al-Nahar One
1014,movie
1015,AVA
1016,Q2
1017,ABC Spark
1018,NFL Network
1019,Sky Documentaries
1020,Pivot
1021,Super Écran
1022,Kabillion
1023,Hami Video
1024,CHT MOD
1025,MTV Nederland
1026,TVNorge
1027,Premiere
1028,Rai YoYo
1029,FBS
1030,HTV
1031,FCT
1032,MMT
1033,TeNY
1034,RNC
1035,KKT
1036,Brasil Paralelo
1037,Vrai
1038,MBC M
1039,RTL2
1040,El Nueve
1041,SBS funE
1042,13e rue
1043,HLN
1044,Antena 1
1045,ТВ-3
1046,MBC 5
1047,Al-Nahar Drama
1048,Fox Soccer
1049,LCP - Assemblée nationale
1050,Taiwan+
1051,Universal Kids
1052,TV B92
1053,National Iranian Radio and Television
1054,8TV
1055,TV9
1056,MNCTV
1057,Astro Prima
1058,RTM2
1059,Hungama
1060,Astro Ceria
1061,MediaCorp Channel Suria
1062,The Nashville Network
1063,EMPC TV
1064,Sky Vision
1065,TLC Go
1066,kykNET
1067,BS12 TwellV
1068,TV JOJ
1069,Rishtey TV
1070,MBC Bollywood
1071,Star India
1072,Filmnet
1073,Histoire TV
1074,NDTV Imagine
1075,SDTV-1
1076,SBS6
1077,skyTV
1078,Canal Famille
1079,Encuentro
1080,The Zeus Network
1081,HGTV Canada
1082,Télétoon
1083,Action
1084,WWOR-TV
1085,Pluto TV
1086,TV5Monde
1087,WPVI-TV
1088,SABC 2
1089,La Sept
1090,A2Z
1091,NOVE
1092,WHYNOT
1093,Mediaset Premium
1094,EPIC
1095,Coture
1096,Yahoo! TV
1097,APTN
1098,DR Ultra
1099,BS Japan
1100,TV 8
1101,T+E
1102,NowThatsTV
1103,All-Nippon News Network
1104,Snapchat
1105,ERTFLIX
1106,Alsumaria
1107,Salto
1108,EbonyLife TV
1109,MEGA
1110,Amarin TV
1111,Star
1112,央视网
1113,Crypt TV
1114,BBC Kids
1115,Investigação Discovery
1116,Al Araby
1117,Sogou TV
1118,AOL
1119,SHENZHEN SATELLITE TV
1120,Canal Brasil
1121,Gshow
1122,ViuTV
1123,TVP VOD
1124,VH1 Classic
1125,Fox8
1126,W9
1127,iQiyi (CN)
1128,OCN movies
1129,Nelonen
1130,Filmin
1131,Shanghai Television
1132,KBS Story
1133,سورية دراما
1134,SIC Radical
1135,Warner TV Serie
1136,Geo TV
1137,TV 2 Echo
1138,C8
1139,Viasat Film
1140,SVT
1141,Telfaz11
1142,FOXlife
1143,Warner TV Comedy
1144,AtomFilms
1145,Toei Tokusatsu Fan Club
1146,KTLA
1147,4fun.tv
1148,DIY Network
1149,Canal 10
1150,MAX
1151,Decades
1152,Sky3
1153,Kijk (NL)
1154,EBC Drama
1155,True4U
1156,Rete 4
1157,ZTV
1158,SFB
1159,HDNet
1160,Comet
1161,CHARGE!
1162,HonorClub
1163,QQLive
1164,ZDFkultur
1165,Anime Houdai
1166,Video Market
1167,music.jp
1168,DMM.com
1169,GYAO! Store
1170,animeteleto
1171,Movie Full+
1172,Happy! Douga
1173,ABEMA Video
1174,América TV
1175,OSN
1176,MediaCorp Channel 5
1177,Galaxy
1178,Sky Sports
1179,Net5
1180,DD Metro
1181,Odyssey Network
1182,Gemini TV
1183,JIM
1184,Kabel 1 Doku
1185,La Trois
1186,ARY Digital
1187,Tipik
1188,Prima
1189,RTP2
1190,The Horror Collective
1191,Entertainment Squad
1192,Bibel TV
1193,Locomotion TV
1194,8XM
1195,Jalwa
1196,PlayTV
1197,Ary Musik
1198,A Plus
1199,Express Entertainment
1200,Urdu 1
1201,Geo Entertainment
1202,VRT MAX
1203,Aragón TV
1204,Voyage
1205,BBC World News
1206,BBC News
1207,Dream TV
1208,NCRV
1209,Olive
1210,Fox Reality Channel
1211,CCTV-14
1212,Kuwait TV
1213,NRJ 12
1214,Noovo
1215,TikTok
1216,Life OK
1217,Ketnet
1218,ABC iview
1219,Obbod TV
1220,Televize Seznam
1221,CCTV-2
1222,HOOQ
1223,Cartoonito
1224,Entertainment One
1225,AMI-télé
1226,Kanal 1
1227,Wenzhou TV
1228,Animax Latin America
1229,Mondo Media
1230,ICI TOU.TV
1231,DUST
1232,Outdoor Channel
1233,AHC
1234,Eros Now
1235,AIS PLAY
1236,TeleHit
1237,Telenet Play More
1238,Telenet Play
1239,Tsuburaya Imagination
1240,Viasat3
1241,DRAMAcube
1242,KLAC-TV
1243,KHJ-TV
1244,KECA-TV
1245,KFI-TV
1246,KTSL
1247,PinkTV
1248,STUDIO+
1249,Kanal 4
1250,Planète+ Crime Investigation
1251,Estrella TV
1252,TV5 Québec Canada
1253,beIN Connect
1254,Quest
1255,Perets
1256,360°
1257,Hello Sunshine
1258,TrueVisions
1259,Channel 8
1260,OnStyle
1261,MTV Germany
1262,VIVA Germany
1263,tabii
1264,Sundance Now
1265,Super3
1266,ServusTV
1267,BUILD Series
1268,MBC + Drama
1269,OSN Yahala Al Oula
1270,TV2
1271,AVNstars.com
1272,Tooniverse
1273,TVGN
1274,Historia
1275,Magnolia Network
1276,Canal Sur
1277,AMC.com
1278,Gizmoplex
1279,التلفزة التونسية
1280,CCTV-9
1281,Россия-1
1282,Rivit TV
1283,Super Deluxe
1284,vLive
1285,Arutz HaYeladim
1286,Astro Shuang Xing
1287,MDR Fernsehen
1288,WPIX
1289,ICI TOU.TV Extra
1290,AB1
1291,Neox
1292,TQS
1293,CollegeHumor
1294,Toei Channel
1295,BS SKY PerfecTV!
1296,ITN
1297,Turner Classic Movies
1298,TVBS
1299,Ora TV
1300,Asianet
1301,Federalna Televizija
1302,Nova TV
1303,E Channel
1304,Belgische Radio- en Televisieomroep
1305,NBA TV
1306,Trinity Broadcasting Network
1307,Nouvelle-Calédonie La Première
1308,Gloob
1309,GMM One
1310,PTS+
1311,Minimax
1312,TVP Polonia
1313,Plus
1314,Auvio
1315,1Magic
1316,Амедиа Продакшн
1317,NAVER NOW
1318,Aboriginal Peoples Television Network
1319,bTV Cinema
1320,Henan TV
1321,Mello Thailand
1322,Real Time
1323,iScreen
1324,TG4
1325,JTBC2
1326,GNT
1327,tv5unis.ca
1328,Playlist Studio
1329,MeTV
1330,HUM Arabia
1331,Discovery Channel
1332,TV Tupi
1333,TV Paulista
1334,REI
1335,Jovem Pan News
1336,Panflix
1337,TV6
1338,Televizija Sarajevo
1339,PTS Taigi
1340,ITV4
1341,&TV
1342,TRT 2
1343,大千影业
1344,Ruutu
1345,Speed
1346,Super TV2
1347,Radio Bremen Fernsehen
1348,HKTV
1349,Tastemade
1350,Milkshake!
1351,FORTA
1352,ETV
1353,aha
1354,EBC Variety
1355,KNB
1356,YBS
1357,KTK
1358,NKT
1359,ABS
1360,JRT
1361,Daiichi-TV
1362,FBC
1363,RKC
1364,KYT
1365,KRY
1366,HBO Go
1367,Astro AEC
1368,FR3
1369,Acasă
1370,Sky Kids
1371,eToonz
1372,CuriosityStream
1373,DR Ramasjang
1374,Junior TV
1375,Ecuavisa
1376,재능TV
1377,Animax Korea
1378,Daewon Broadcasting
1379,AniOne
1380,Daekyo Kids TV
1381,DR3
1382,ANT1+
1383,mtmad
1384,Unis TV
1385,Nippon News Network
1386,Televizija Republike Srpske
1387,UFC FIGHT PASS
1388,addatimes
1389,Sprint Nextel
1390,芒果TV
1391,Yorin
1392,IMDb
1393,CBC News Network
1394,TV Puls
1395,TVN Style
1396,Television Maldives
1397,Geek and Sundry
1398,BeeTV
1399,iWant
1400,Toute l'Histoire
1401,Panorama Drama
1402,LBCI
1403,Arabia Drama
1404,CINE.AR
1405,PTV One
1406,UHF Station
1407,Comedy TV
1408,Animal Planet Brasil
1409,CATCHPLAY+
1410,Open Beyond TV
1411,Zeus Network
1412,Current TV
1413,WidCyber
1414,Guangdong Television
1415,Player
1416,JEI TV
1417,YoYo TV
1418,Televen
1419,ČT :D
1420,Tentime
1421,ΕΡΤ
1422,ullu
1423,Beyaz TV
1424,RMC Sport
1425,欢迎光临，千岁酱
1426,TVN 7
1427,RTK
1428,LAFTEL
1429,Gaia
1430,WTTW
1431,Sky Two
1432,DirecTV Now
1433,Studio 4
1434,Dailymotion
1435,Super Action
1436,dekkoo
1437,Zvezda
1438,CNTV
1439,Discovery JEET
1440,MLB Network
1441,RedeTV!
1442,Douyin
1443,Haokan
1444,IRIB TV5
1445,OBBOD
1446,Séries+
1447,VTM 2
1448,Star Bharat
1449,MiniMini
1450,Smithsonian Earth
1451,Filimo
1452,Challenge
1453,National Indigenous Television
1454,Comic-Con HQ
1455,Sympatico
1456,Kebweb.tv
1457,enVedette
1458,polsat box
1459,polsat box go
1460,Kompas TV
1461,AXN Asia
1462,meWATCH
1463,Star Channel
1464,sky Travel
1465,ABEMA SPECIAL
1466,WAPA-TV
1467,TeleOnce
1468,CCTV-3
1469,CCTV-4
1470,ETB 1
1471,ArirangTV
1472,Bon Appétit
1473,Lesflicks
1474,Al Jazeera America
1475,ALTER
1476,Mill Creek Entertainment
1477,Reel Media International
1478,Formula
1479,3sat
1480,Red Bull TV
1481,Guangzhou Broadcasting Network
1482,优酷网
1483,9X
1484,fox.com
1485,Canal+ Afrique
1486,TV Centre
1487,TLC UK
1488,CBS.com
1489,AsiaN
1490,Vitaya
1491,FlopTV
1492,Colors Infinity
1493,7TV
1494,Stolitsa
1495,TRT Çocuk
1496,Planet Çocuk
1497,Astro Vinmeen
1498,Tudou
1499,Mtavari Arkhi
1500,BBC Red Button
1501,KBS World
1502,ΕΤ1
1503,ΝΕΤ
1504,Z
1505,İctimai TV
1506,Fox Crime
1507,ΕΡΤ2
1508,NPR
1509,OMNI
1510,My5
1511,SET Metro
1512,Megogo
1513,2×2
1514,FIFA+
1515,SIG
1516,SM Culture & Content
1517,Aniworld TV
1518,Sony Aath
1519,The Weather Channel
1520,IRIB Nasim
1521,Nitro
1522,nabd alqalb studio
1523,LA7
1524,Cosmote History
1525,Shanghai Toonmax TV
1526,Side+
1527,Vizion Plus
1528,Jolly HD
1529,Smile
1530,Tring Shqip
1531,Deejay TV
1532,DDR1
1533,Channel 7
1534,ČT2
1535,NT1
1536,Q
1537,Hero TV
1538,VTV3
1539,Pick
1540,Nifty-Serve
1541,Disney Junior Latin America
1542,MBC ON
1543,JTBC4
1544,Discovery Science
1545,iFilm
1546,Sky Sports F1
1547,SOAPnet
1548,UA: PERSHYI
1549,Hromadske
1550,24 Kanal
1551,Évasion
1552,TeleUV
1553,Radiotelevisión de Veracruz
1554,Rocket Beans TV
1555,Stream.cz
1556,Universo
1557,kabel eins
1558,TRT Belgesel
1559,Al Jazeera
1560,Al Jazeera English
1561,firefly.rs
1562,Geo Tez
1563,Geo Kahani
1564,Nick Pakistan
1565,Infinity
1566,TTV
1567,JAITS
1568,ARY Arabia
1569,NTR
1570,Spektrum
1571,ДТ Продакшн
1572,BFI Player
1573,TV Brasil
1574,MediaCorp Channel 8
1575,Discovery Asia
1576,Nou
1577,ANT1 CY
1578,Watcher
1579,ENV
1580,Rumble
1581,Movie International
1582,NRK Tegnspråk
1583,SBS FiL
1584,Biwako Broadcasting
1585,Wakayama Telecasting
1586,TeleSUR
1587,RTHK
1588,Les Films d'Ici
1589,Musée d'Orsay
1590,BBC One Wales
1591,Xigua Video
1592,PoRo
1593,Wishland Studio
1594,kurdsat
1595,kurdbin
1596,FoxPlay
1597,Rai 5
1598,NOS
1599,NPS
1600,Hobby Japan
1601,Teledoce
1602,TeleMadrid
1603,CTC Media
1604,T HD
1605,Klan Kosova
1606,3+
1607,The Inspiration Network
1608,百视TV
1609,上海东方卫视
1610,noovo.ca
1611,Sixth Programme
1612,NTD Television
1613,CBS Reality
1614,La 5
1615,TVM
1616,1 TV
1617,Armenia 1
1618,First National Channel of the Belarusian TV
1619,PIK 1
1620,Urban TV Uganda
1621,Escape
1622,Māori Television
1623,Flagman-Trade DVD
1624,Super Polsat
1625,Allociné
1626,Google Play
1627,Channel 1
1628,histoire
1629,ESPN2
1630,Programme One
1631,Pure Flix
1632,Xee
1633,Lemino
1634,OK Motion Studio
1635,TFX
1636,Prima COOL
1637,Nat Geo Kids
1638,Australian Christian Channel
1639,Smile of a Child
1640,BOL Network
1641,ASN
1642,9
1643,Bleacher Report
1644,Signal 23 TV
1645,BitTorrent
1646,BS Shochiku-Tokyu
1647,TechTV
1648,ZDTV
1649,G4TechTV
1650,Ovation
1651,Tyne Tees
1652,Ziggo Sport
1653,Blued
1654,Go3
1655,НЛО TV
1656,Flipkart Video
1657,Futura
1658,XtvN
1659,MBC 2
1660,NHK Digital Satellite HD
1661,Play Entertainment
1662,LIV Arabia
1663,BBC Alba
1664,MYX TV
1665,SCTV
1666,HOT Entertainment
1667,Chérie 25
1668,UCV Television
1669,Canal 9
1670,Fox Life
1671,Nolife
1672,Tv Cubana
1673,ARD-alpha
1674,Arab Radio and Television Network
1675,Sky Sport
1676,MPH Entertainment for Cesar Millan
1677,Inc.
1678,Indosiar
1679,Israeli Educational Television
1680,Vidio
1681,ICI Explora
1682,Ustream
1683,西瓜视频
1684,RTB1
1685,AXN Korea
1686,K-STAR
1687,iVysílání
1688,Tello
1689,Focus
1690,Al Iraqiya
1691,Channel News Asia
1692,MGM Brasil
1693,Skai
1694,Entermeitele
1695,GDS
1696,Alsharqiya TV
1697,1001TV
1698,Hallmark Drama
1699,RCTI
1700,SABC 3
1701,foxtel GO
1702,Love Nature
1703,France.tv Slash
1704,ESPN Classic
1705,J:COM
1706,Arre
1707,Manhattan Neighborhood Network
1708,Latvijas Televizija
1709,Royal Thai Army Radio and Television Channel 5
1710,山东齐鲁电视台
1711,NWRV
1712,COM BRASIL
1713,Rai Storia
1714,Azoomee
1715,Lionsgate Play
1716,강소위성TV
1717,STAR Jalsha
1718,TV Barrandov
1719,Plug RTL
1720,SporTV
1721,Eurochannel
1722,ČT art
1723,Ntv7
1724,MagellanTV
1725,VTV
1726,Bangladesh Television
1727,Qatar Television
1728,ARTE Creative
1729,GLP4 PLAY
1730,Kampüs TV
1731,Vudu
1732,TLUM HD
1733,Mult
1734,Rocket Beans TV (DE)
1735,MAVTV
1736,KTV
1737,KRO-NCRV
1738,TET
1739,Samanyolu TV
1740,武则天秘史
1741,Prima+
1742,TRT Haber
1743,ICI ARTV
1744,PTV World
1745,Star Suvarna
1746,Fox Sports 2
1747,Revry
1748,kakao page
1749,TV1
1750,First Baltic
1751,Line News
1752,DuMont Television Network
1753,ROXTEEN
1754,Kartoon Channel!
1755,Ultraman Connection
1756,Topic
1757,Televisión Independiente de México (TIM)
1758,Crime + Investigation Network Australia
1759,CTi Variety
1760,Movie Extra
1761,Watcho
1762,Rajawali Televisi
1763,GO3 (EE)
1764,Insight TV
1765,Okoo
1766,TV 13
1767,قطاع الإنتاج - إتحاد الإذاعة والتلفزيون (ج.م.ع)
1768,DRTV
1769,Blaze
1770,Facebook Live
1771,UKTV Style
1772,MTV India
1773,ssssssj
1774,Piwi+
1775,Hum Sitaray
1776,WIN Television
1777,Helio
1778,Tet TV+
1779,Sanak Batat
1780,Zee News
1781,India TV
1782,8tv
1783,ORTF Télévision 3
1784,RT
1785,DocPlay
1786,PlayPlus
1787,Safari TV
1788,SBS Mobidic
1789,Spiegel Geschichte
1790,Red+
1791,LTV1
1792,Nihon Eiga
1793,SnackableTV
1794,Star Media
1795,MX CASTING
1796,MAXStream
1797,Kanal 11
1798,Kanal 9
1799,Quenel+
1800,安徽卫视
1801,浙江卫视
1802,Comedy.TV
1803,TVS
1804,Showcase TV
1805,PBS America
1806,Twitter
1807,RTS
1808,Thai Public Broadcasting Service
1809,RTS Deux
1810,KidZ
1811,Odnoklassniki
1812,VTM KIDS
1813,J-One
1814,CNN+
1815,Hypp Sensasi
1816,Filomok
1817,Bioscope
1818,KlikFilm
1819,KVCW
1820,Rustavi 2
1821,Means TV
1822,VisionTV
1823,EWTN Televisión
1824,Dvojka
1825,MusiquePlus
1826,Numéro 23
1827,DDR-F1
1828,Top Channel
1829,6play
1830,WQED Multimedia
1831,Astro
1832,UKTV Food
1833,cetv1
1834,SuperPelis
1835,Imedi TV
1836,Gemplex
1837,Style Network
1838,GloboNews
1839,广东卫视
1840,Flash TV
1841,Yle Teema
1842,ntv
1843,Echorouk Plus
1844,Kan Educational
1845,CAD Premium
1846,Rang
1847,ARtv
1848,Sama Dubai TV
1849,Crime & Investigation Network
1850,KBS Drama
1851,NRK2
1852,Channel Nine
1853,HKSTV
1854,Egyptian Television Network
1855,RTV Slovenija
1856,宝宝巴士
1857,elhiwar ettounsi
1858,Opus
1859,tv5.ca
1860,Intercontinental Broadcasting Corporation
1861,U+ IDOL LIVE
1862,Moi & Cie
1863,BOL Entertainment
1864,GDTV
1865,Luccas Toon Oficial
1866,Manoto
1867,MUSIC ON! TV
1868,2BE
1869,RTL Televizija
1870,IB3
1871,Daystar
1872,BanglaVision
1873,AB4
1874,Channel 28 SD
1875,东森综合
1876,Disney Channel Middle East
1877,ABC News
1878,B•A•S•I Produktion
1879,NTV-Belorus
1880,France Télévisions Jeunesse
1881,O Channel
1882,sixx
1883,Prime Box Brazil
1884,ESPN Deportes
1885,SPOTV NOW
1886,New Channel
1887,Makedonia TV
1888,TOLO
1889,Playmo
1890,ERT2
1891,TVNZ Kidzone
1892,TVNZ6
1893,Señal Colombia
1894,El Sótano
1895,CDA.pl
1896,Fox Sports
1897,Pixibox
1898,M1
1899,플래디
1900,Pakistan Television Network
1901,TV2000
1902,antv
1903,Nova
1904,Spotify
1905,Lifestyle FOOD
1906,13th Street
1907,ERT3
1908,Investigation
1909,RTL 7
1910,The Hole
1911,WinWin
1912,Justice Central
1913,TV 2 Zebra
1914,DABL
1915,Viasat 4
1916,another planet
1917,Dijlah Tv
1918,Sea Studios Foundation
1919,First Channel Ostankino
1920,United Artists Media Group
1921,MGM Television
1922,Raj TV
1923,Television Georgian SSR
1924,NOW Claro
1925,Zephyr School Media
1926,Big Ten Network
1927,RaiSat Ragazzi
1928,RaiSat Smash
1929,ORF III
1930,EPTV
1931,R1
1932,Granada Television
1933,Emart Live (이마트)
1934,24Kitchen Türkiye
1935,HBO Mundi
1936,Asia N
1937,TVS Sydney
1938,Univer Video
1939,RTBF.be
1940,Sony Pal
1941,MediaCorp Central
1942,IMDb Freedive
1943,Planète+ Justice
1944,LG U+
1945,Slovenská televízia
1946,陕西卫视
1947,深圳电视剧频道
1948,山东电视台电视剧制作中心
1949,LOGOonline
1950,Canal Q
1951,CNN Brasil
1952,Future Television
1953,vossevents.com
1954,Hum Europe
1955,Viasat6
1956,DoQ
1957,SportKlub
1958,Tower of London Productions
1959,The Movie Channel
1960,VG+ Entertainment Group
1961,Kino Polska
1962,Fernsehen der DDR
1963,Amrita TV
1964,Canal D
1965,Canal Vie
1966,TBS Brasil
1967,TOCA BOCA
1968,Marvel Insider
1969,中央广播电视总台
1970,SEC Network
1971,Channel 6
1972,RTI (C)
1973,RTP Açores
1974,얼리버드 픽쳐스
1975,KBS Joy
1976,Metro One
1977,Play TV
1978,Style 360
1979,TVOne Global
1980,Bol News
1981,Azteca 7
1982,Nat Geo Mundo
1983,telequebec.tv
1984,Dangal TV
1985,24 horas
1986,TVR9
1987,13C
1988,Yippee
1989,KidoodleTV
1990,Al Rabiaa Tv
1991,Cottage Life
1992,UTV Stars
1993,RTÉ Player
1994,Dhruva TV
1995,Motion Rock Entertainment
1996,KING-TV
1997,Aaj News
1998,Samurai! TV
1999,Stardom World
2000,WalmartTV
2001,Play Sports Open
2002,https://www.gdtv.cn/tvChannelDetail/43
2003,AwesomeTV
2004,Polsat PLAY
2005,TV Novo Tempo
2006,Mediapart
2007,ADTV
2008,TV24 (CH)
2009,中国
2010,3Cat
2011,VIA
2012,DiaTV
2013,AT5
2014,Phoenix Television
2015,Rogers TV
2016,Network Television Marketing
2017,NJPW World
2018,MusicBox
2019,ITV3
2020,Colors Marathi
2021,TNV-Planeta
2022,CINAR
2023,France Animation
2024,CorriereDelloSport.it
2025,tuttosport.com
2026,Polynésie 1ère
2027,France Ô
2028,Sony YAY!
2029,Nikkei CNBC
2030,À Punt
2031,Pokerzone
2032,Oho Gujarati
2033,Viva One
2034,CCTV-10
2035,Gley
2036,北京青青树动漫科技有限公司
2037,Fearless
2038,Моя планета
2039,CNN International
2040,CAZ
2041,ONE TV
2042,Stream TV
2043,Telus Optik
2044,VGTV
2045,Astro Warna
2046,stuff.co.nz
2047,MTV Asia
2048,CCTV News
2049,Oasis HD
2050,BT Sport
2051,Syria TV
2052,METAFORA
2053,DR Minisjang
2054,MyTV
2055,山东三冠影视实业公司
2056,Alpha Cyprus
2057,Karya Yapım
2058,TRO
2059,TELEAC - Holanda
2060,América Ibérica
2061,Habertürk TV
2062,Hasya Katta Official
2063,Mindvalley
2064,TV5 Monde Afrique
2065,VT4
2066,ARY Zindagi
2067,SwearNet
2068,TV Finland
2069,TheVR
2070,Discovery Home & Health
2071,STN
2072,Television Azerbaijan SSR
2073,Azərbaycan Televiziyası
2074,Home
2075,易车
2076,TVer
2077,Okno v Evropu Film Festival
2078,Securus Originals
2079,KCET
2080,Genius Kitchen
2081,EinsFestival
2082,CCTV-6
2083,NTA Film Network
2084,Heyo TV
2085,D8
2086,ARY News
2087,Dunya News
2088,Express News
2089,News One
2090,Samaa TV
2091,Dawn News
2092,Geo News
2093,Lahore News HD
2094,Abb Takk News
2095,24 News HD
2096,City 41
2097,Jaag TV
2098,UKTV History
2099,UKTV
2100,Telecentro
2101,Radio-Québec
2102,Planet Green
2103,Sky News Australia
2104,RTVC
2105,Eurosport
2106,KTTV
2107,Nepal Television
2108,江苏综艺频道
2109,U+ Mobile TV
2110,Playtvak.cz
2111,HRT 2
2112,Citra HD
2113,National Geographic Brasil
2114,BBC One Northern Ireland
2115,NHK BS8K
2116,优漫卫视
2117,Youman Cartoon Satellite TV
2118,Bip
2119,Chaupal
2120,LNT
2121,2M
2122,OnDirecTV
2123,Benfica Play
2124,Barça Tv
2125,Fuel TV
2126,QPVN
2127,2+2
2128,TOD (TR)
2129,Ticfy Prime
2130,Alacocina Tv
2131,MySpace
2132,Netvideo
2133,Mind Trio
2134,Instany
2135,Hungama TV
2136,TRT Türk
2137,Sahar TV
2138,SFP
2139,ClerSac
2140,PBS Digital Studios
2141,one
2142,ABP News
2143,ТВц
2144,yes VOD KIDS
2145,RTL II You
2146,BFMTV
2147,sundancechannel.com
2148,Spiegel TV Wissen
2149,Sahara One
2150,MNM
2151,Zee Q
2152,Big Magic
2153,Teleamazonas
2154,MG TV
2155,Mazhavil Manorama
2156,UR
2157,Staten Island Community Television
2158,ATC
2159,Tv Rio
2160,辽宁卫视
2161,NPO Start
2162,EarthxTV
2163,Pink
2164,Music 24
2165,STAR World
2166,Google Podcasts
2167,Hakka TV
2168,Cine 7
2169,ファミリー劇場
2170,Super Canal
2171,凤凰卫视
2172,TV5 Monde Europe
2173,BONGO
2174,Zona Latina
2175,Foro TV
2176,TVE Brasil
2177,L!VE TV
2178,Metro
2179,SPACE SHOWER TV
2180,Prima LOVE
2181,POP TV
2182,TV Diário
2183,Cignal Play
2184,Klikk
2185,CNN Chile
2186,Daum
2187,e extra
2188,ZJSTV
2189,時代劇専門ch
2190,KoldCast TV
2191,TFO
2192,Ketnet Junior
2193,Asian Food Channel
2194,SRF zwei
2195,RTL Telekids
2196,Will Media
2197,RTL Z
2198,Otv (LB)
2199,Canal Algérie
2200,Paris Première
2201,LHH.
2202,MTV 1
2203,Canal 24 Horas
2204,Krone.TV
2205,Channel W
2206,Blue Sky
2207,bahrain tv
2208,KREAM
2209,Televizija Zagreb
2210,Radio Philippines Network
2211,bTV Comedy
2212,Nerve.com
2213,НЬЮ АРТ СИНЕМА ПРОДАКШН
2214,MONDO TV
2215,Кино1ТВ
2216,GameTV
2217,Eurêka !
2218,TPS Jeunesse
2219,ET-3
2220,tamadon
2221,PassoLig
2222,vive!
2223,Flowers TV
2224,WATCHVIM
2225,PowNed
2226,Youtoo TV
2227,Razer
2228,gotv
2229,Canal 14
2230,Espansione TV
2231,CNBC Asia
2232,LDC
2233,Netzun
2234,Kanccha Lannka
2235,Pelangi TV
2236,Television Latvian SSR
2237,Yes TV
2238,Lifetime Movie Network
2239,Genflix
2240,Houston Live TV Network - HLTV
2241,Fox Premium Action
2242,UN3TV
2243,Television in Syria
2244,ČT24
2245,CQTV
2246,BrutX
2247,IRIB TV2
2248,77E
2249,TCM España
2250,The Fantasy Network
2251,Tokyo Channel 12
2252,Radiodiffusion Télévision Algérienne (RTA)
2253,Fox Business Network
2254,Dove Channel
2255,Workpoint TV
2256,TysonPlus
2257,ART TV
2258,AP1
2259,IDF1
2260,Yle Teema & Fem
2261,Telefuturo
2262,Blip
2263,Weibo
2264,YBSTV
2265,Via X
2266,Sveriges Radio & TV
2267,Zoom
2268,WRC-TV
2269,myTV SUPER
2270,History Channel Italia
2271,BonGusto
2272,Christian Television Network
2273,Discovery World
2274,Pakapaka
2275,Duna World
2276,CHILI
2277,TWOsmart
2278,KnowBe4
2279,F1TV
2280,HOT VOD Young
2281,Pro Wrestling TV
2282,Mono29
2283,dk4
2284,SuomiTV
2285,TTV Main Channel (TW)
2286,kykNET & Kie
2287,MTV Australia
2288,RTU
2289,Canal Trece
2290,The Hub
2291,El 33
2292,sky Drama
2293,SkyLife
2294,stream.theatre
2295,卡酷少儿
2296,Odisea
2297,Imago TV
2298,Teletica
2299,WLS-TV
2300,My Damn Channel
2301,NRT2
2302,Golf Channel
2303,Apna TV
2304,Deutsche Welle
2305,TalkTV (UK)
2306,Revision3
2307,The Daily Wire
2308,El Toro TV
2309,Teleview TV
2310,Astro First
2311,North Texas Television
2312,Fla TV
2313,NTV America
2314,Canal+ (MM)
2315,Discovery International
2316,OCS
2317,腾讯
2318,Bile TV
2319,Bell Fibe TV1
2320,WCVB-TV
2321,Regiões TV
2322,RNN7
2323,wifey.tv
2324,深圳都市频道
2325,Puls 4
2326,TBS.com
2327,FEM
2328,Mzanzi Magic
2329,24Kitchen
2330,Astro Mustika HD
2331,tvN DRAMA
2332,CS Mystery
2333,Bindass
2334,Tele Asa Channel 1
2335,Astro Oasis
2336,Universal Television
2337,Singapore Broadcasting Corporation
2338,One
2339,GTV Variety Show
2340,Canal Doce Misiones
2341,KRON-TV
2342,Couleur 3
2343,Balloons
2344,RTLup
2345,Watchit
2346,아이코닉스
2347,Life TV
2348,Circle
2349,Sky News
2350,TV WAU
2351,NBN Television
2352,CH.DIA
2353,로이비쥬얼
2354,ohcon
2355,UrbanflixTV
2356,Vice.com
2357,Prime7
2358,J Storm Inc.
2359,La Xarxa
2360,Channel J
2361,UNIVERSE
2362,RTL Living
2363,Hot Masti
2364,TVtropolis
2365,5-tv
2366,Lihaf
2367,Canal Off
2368,Tamazight
2369,Sigma TV
2370,GB News
2371,Omrop Fryslân
2372,A+
2373,BandSports
2374,SkyGo
2375,Astro Maya
2376,KTN
2377,CETV
2378,National Geographic India
2379,Astro Vaanavil
2380,3e
2381,UEFA.tv
2382,CTV Northern Ontario
2383,Commercial Television
2384,The Sports Network
2385,Shemaroo
2386,Trønder-TV
2387,Lycos
2388,La Fabrique Culturelle
2389,VIPA
2390,C31 Melbourne
2391,HOY TV
2392,canalvie.com
2393,Urban Wall Street
2394,SAT.1 Comedy
2395,채널A
2396,DaAi (TW)
2397,SVT Barn
2398,Wretched Network
2399,Disney Channel Asia
2400,UrduFlix
2401,vrak.tv
2402,Channel [V]
2403,SWF
2404,WCCO-TV
2405,Vivamax Original Series
2406,WNBC
2407,OzoneTV
2408,Al Kahera Wal Nas
2409,Channel M
2410,ATN
2411,YNN
2412,Full Moon Features
2413,디스커버리 채널 코리아
2414,C-SPAN
2415,BBC Two Northern Ireland
2416,Glitz
2417,Omroep Zwart (nl)
2418,la siete
2419,Sistema de Transporte Colectivo
2420,HUMAN
2421,My Canal
2422,Hannibal TV
2423,STUBRU
2424,Wolo Tv
2425,EagleVision
2426,TVB Pearl
2427,TV Azteca
2428,retro-tv
2429,Africa Magic
2430,9now
2431,BitinFlix Presents
2432,Filmmúzeum
2433,SAT.1 Gold
2434,TV 2 Fri
2435,6ter
2436,The CinemaDosti
2437,Discovery Life
2438,Kentucky Educational Television
2439,SESC TV
2440,Channel S
2441,Rabbit
2442,Jednotka
2443,GAORA
2444,Beate-Uhse.TV
2445,Swear.net
2446,BR-alpha
2447,YES Network
2448,10 BOLD
2449,ServusTV Deutschland
2450,SETTV
2451,Jilin Television
2452,Comédie +
2453,Studio 23
2454,Eins Plus
2455,ProSieben Maxx
2456,Voyo (SI)
2457,TV3 Latvia
2458,Fokus TV
2459,tvmas
2460,Tchelet TV
2461,KMOV
2462,Trans TV
2463,TV Okey
2464,Uribaba
2465,辽宁广播电视台
2466,ESPN Australia
2467,Sony ESPN
2468,El Hiwar Ettounsi
2469,Viafree
2470,KD2A
2471,CNC
2472,Kooku
2473,Liv
2474,tvN Story
2475,Modo Viagem
2476,Pickx+
2477,Fix und Foxi
2478,RIC
2479,IDNES.tv
2480,RFD-TV
2481,SIC Notícias
2482,HTV7
2483,Revista Oeste
2484,تلفزيون الراي
2485,Danmarks Radio
2486,Cineflix Prime
2487,Inc
2488,Squat
2489,BBC Parliament
2490,N24
2491,unis.ca
2492,The Filipino Channel
2493,Radio-Canada
2494,Diyanet TV
2495,Now TV
2496,ERF 1
2497,RTL Gold
2498,Canal 21
2499,NRW TV
2500,Canal BIS
2501,EWTN
2502,Thainess TV
2503,CP24
2504,Torys4D
2505,Rengoni
2506,Canal 34 de Televisión Mexiquense
2507,Mexicanal
2508,SDR
2509,Midlands Asian Television
2510,BILD TV
2511,Téva
2512,Sport en France
2513,VRT
2514,ITI
2515,VTV1 HD
2516,Ten
2517,Tarang Plus
2518,Thames Television
2519,Super Studios+
2520,지니키즈
2521,CineBrasil TV
2522,TV ZYN
2523,ManiaTV!
2524,Racing TV
2525,CNBC Europe
2526,CASA
2527,AMI-tv
2528,CordesFlix
2529,큐브TV
2530,WCPO-TV
2531,중화TV
2532,Food Network Polska
2533,Primeflix
2534,LATV
2535,Planet Marathi
2536,KTH_키즈
2537,Wealth TV
2538,Wados
2539,Contar
2540,陕西综合频道
2541,Retro Television Network
2542,广州东方明珠文化传播有限公司
2543,DWAO-TV
2544,Cinematic
2545,TVA Sports
2546,RDS
2547,Das Vierte
2548,COSMO
2549,Televicentro
2550,Prima ZOOM
2551,nuvoTV
2552,La Deux
2553,wasu
2554,absolut MEDIEN
2555,Jawwy TV
2556,金鹰卡通
2557,GEM TV
2558,安徽广播电视台
2559,Armenia TV
2560,Ligonier.org
2561,Voxup
2562,n-tv
2563,KayoSports
2564,Kanal 2
2565,Arig Us
2566,Antenna TV
2567,唐朝好男人2
2568,Slovenská televízia Košice
2569,Vidly.tv
2570,O2 TV Sport
2571,MTV Pakistan
2572,tvN SHOW
2573,Animaux
2574,Littlefox
2575,Tunisie 7
2576,YuppTV
2577,Solar News Channel
2578,AZN Television
2579,CMTV
2580,BiteTV
2581,140 Journos
2582,Zieglerfilm
2583,Askania Media Filmproduktion
2584,Longhorn Network
2585,Disney Junior Brasil
2586,Kawaiian TV
2587,РЕН-ТВ
2588,LiTV
2589,Dlive
2590,Paramount+ with Showtime
2591,TBN
2592,PTN
2593,Shabakeye Namayesh Khanegi
2594,Africa Magic Showcase
2595,Al Arabiya
2596,Canal 11
2597,Al Somarya
2598,TLC Deutschland
2599,Godt Norsk
2600,Overland Network
2601,Takflix
2602,Salam TV
2603,Aftonbladet TV
2604,SportsNet New York
2605,Channel 101
2606,TV Noe
2607,World Fishing Network
2608,RTM1
2609,ztele.com
2610,Wonderium
2611,BayaM
2612,Mola TV
2613,ABCd
2614,Первый канал
2615,Mediacorp Channel U
2616,DouYu
2617,Chek
2618,SRG SSR
2619,AB3
2620,Televizija Skopje
2621,BS松竹東急
2622,Sky Krimi
2623,Hubei Television
2624,华视
2625,Canal+ Discovery
2626,zero+
2627,Tiitlii
2628,Telemedellín
2629,ProSieben Fun
2630,MMTV
2631,Revver
2632,MSG
2633,SBS M
2634,Fox Sports Detroit
2635,Vibrophil Media (DE)
2636,Arthouse Digital
2637,TéléSud
2638,Warner Channel
2639,Hibe
2640,RDS Info
2641,SuperSport
2642,TVP Kultura
2643,TeleG
2644,Astro GO
2645,ELLE Fictions
2646,MTV Denmark
2647,D'LIVE
2648,Com@Tv
2649,Galavisión
2650,Rush HD
2651,i-CABLE
2652,SBS Food
2653,DZ Distribution LLC
2654,Urbania.ca
2655,Cottonwood Media
2656,Boom Movies
2657,Discovery Home & Health Brasil
2658,Vision+
2659,KPLR-TV
2660,VIVA Network
2661,Yle Arenan
2662,Knowledge Kids
2663,Matkanalen
2664,Godare
2665,KBS Kids
2666,ANIBOX
2667,XTM
2668,FashionN
2669,SBS Biz
2670,RTB
2671,Vodafone TV
2672,Quest Red
2673,SF 1
2674,Colors Kannada
2675,Channel Awesome
2676,Медиа Контент групп
2677,Animal Planet Deutschland
2678,tagesschau24
2679,BabyTV
2680,TF6
2681,TNU
2682,연합뉴스TV
2683,Phoenix
2684,STRO
2685,SBT Vídeos
2686,Doordarshan
2687,ČT sport
2688,Link TV
2689,People's Television Network
2690,Comcast SportsNet
2691,Bioskop Online
2692,Marco Polo TV
2693,Crime+Investigation
2694,Great Belize Television
2695,Perfo Production
2696,Telemundo Puerto Rico
2697,IKON
2698,云南卫视
2699,Rai 4
2700,Panamericana Televisión
2701,Gusto
2702,Saunidlia
2703,OTV
2704,FamilyNet
2705,nosotros tv
2706,ESPNU
2707,Zeste
2708,BBC Earth
2709,CGNTV
2710,HTV9
2711,Motorvision TV
2712,VoyageVoyage.ca
2713,Noovo Moi
2714,TVB Anywhere
2715,vtele.ca
2716,dabei TV
2717,sporttotal.tv
2718,VTV6
2719,Al Fallujah Tv
2720,WTVT
2721,VK (Ru)
2722,Movistar Plus+
2723,BINGE
2724,Abendblatt TV
2725,My Channel
2726,ici.radio-canada.ca
2727,KGO-TV
2728,Attessia TV
2729,Big Movie Zoo
2730,Eko
2731,Colors Bangla
2732,Fox Footy Channel
2733,UTV
2734,Prima TV
2735,upian.
2736,ONF/NFB
2737,WJAR
2738,VEEJOY
2739,KOMO-TV
2740,TV RIK
2741,Science & Vie TV
2742,Welt
2743,New England Sports Network
2744,CNEWS
2745,Canal Cocina
2746,ina madelen
2747,Original Black Entertainment TV
2748,Joodse Omroep
2749,MHz WorldView
2750,KDKA-TV
2751,旅顺记忆1904-1905
2752,Cartoon Network Japan
2753,Children Channel
2754,TV3 Estonia
2755,MAtv
2756,Nebula
2757,STAR Kiran
2758,A+E Networks UK
2759,Свэлл
2760,Ria HD
2761,Kuaishou
2762,WTOP-TV
2763,WSMV-TV
2764,Talking World Media House
2765,Marca Perú
2766,Mouv
2767,Telemetro
2768,Merbar Original
2769,Drink TV
2770,Free Speech TV
2771,Overmyer Network
2772,Toggo Plus
2773,Green Tv Entertainment
2774,Channel 9
2775,Deluxe Music
2776,TV Excelsior
2777,Real Madrid TV
2778,Great American Country
2779,MTV Base Africa
2780,ONTV Nigeria
2781,STAR Pravah
2782,HEY Play(MM)
2783,NHK BS
2784,kabel eins classics
2785,Infomix
2786,Times Square Church
2787,Channel I
2788,Jak TV
2789,TV조선
2790,HRTV
2791,GMA FantaSeries
2792,justepourrire.com
2793,WeiLai
2794,Nuts TV
2795,Loaded TV
2796,Telenorba
2797,WebSerials.com
2798,山西卫视
2799,翡翠台
2800,TVI24
2801,Das Erste
2802,First Channel
2803,Sky Sport News
2804,Digital Playground
2805,The Biography Channel
2806,Nessma El Jadida
2807,LINE NEWS VISION
2808,GOODDAY OFFICIAL
2809,TV4 Play
2810,True Crime
2811,ABC Kids
2812,CNN Max
2813,Frissons TV
2814,DeA Sapere
2815,Матч ТВ
2816,RTL Plus
2817,Rede Bahia
2818,tv syd
2819,e.tv
2820,Rekun TV
2821,AD TV
2822,TOD
2823,ITV
2824,ITV Play
2825,Men & Motors
2826,Sat1 Emotions
2827,Ustreme
2828,ЦСДФ СССР
2829,الإذاعة المصرية
2830,نجوم اف ام
2831,ميجا اف ام
2832,شعبي اف ام
2833,راديو هيتس
2834,Studio 100 TV
2835,株式会社ブロードウェイ
2836,株式会社パル企画
2837,NIHON SKY WAY (JP)
2838,Libreplay
2839,Awaan
2840,NHK BSP4K
2841,San Marino RTV
2842,SX3
2843,Nile FM
2844,‎NogoumFM
2845,NRJ Egypt
2846,BBC Select
2847,Karikku
2848,Manorama Max
2849,SR Fernsehen
2850,Rutube
2851,EmotionalFulls
2852,BBC TWO
2853,TLN
2854,5*
2855,History (DE)
2856,X (social media)
2857,TV3alacarta
2858,Casa e Cozinha
2859,WCAX-TV
2860,KGW
2861,KNBC
2862,WMAQ-TV
2863,WDVM-TV
2864,DailyWire+
2865,KQED
2866,MyNews
2867,eoTV
2868,Venevisión Plus
2869,Antena 7
2870,NHNZ Worldwide
2871,Jamie Shertick Productions
2872,CKVU-DT
2873,3net
2874,WKAQ-TV
2875,Pulse Prime
2876,ADN
2877,Planet
2878,mnews
2879,Dubai One
2880,AGTV
2881,Minno
2882,a2tv
2883,IB SPORTS
2884,Atresplayer
2885,Boomerang DE
2886,Planète+
2887,สถานีโทรทัศน์ช่อง 3
2888,HSV
2889,Digital Mov
2890,WORLD Channel
2891,Aj+ Arabi
2892,Swarnavahini TV
2893,Channel Television
2894,NJTV-3
2895,TV Rá-Tim-Bum
2896,KITE VICTERS
2897,吉林广播电视台
2898,더라이프
2899,Anhui Broadcasting Corporation
2900,SF 2
2901,Marte Televisión
2902,湖南广播影视集团有限公司
2903,Gong
2904,Fashion One
2905,NewTV
2906,teve2
2907,新疆卫视
2908,Gallery HD
2909,TVA+
2910,WHYY-TV
2911,成都电视台
2912,COZI TV
2913,Junior
2914,Tc Televisión
2915,Hipstr
2916,FTV
2917,WWLW
2918,Water Channel
2919,국방TV
2920,TNT Sports
2921,Ordu Altaş TV
2922,JTBC3 Fox Sports
2923,Andalucía Televisión
2924,American Forces Network
2925,KFVE
2926,UKTV Play
2927,河南卫视
2928,윤앤컴퍼니
2929,RTV Katwijk
2930,Арт-Экспресс
2931,CNN-News18
2932,DZKB-TV
2933,Rotana Khalijia
2934,江苏卫视
2935,rowbot productions
2936,59th Parallel Productions Inc
2937,GaroyeTV
2938,4Music
2939,宁夏电视台
2940,TV3-Thailand
2941,JiaJia Cartoon
2942,IRIB Amoozesh
2943,RTL9
2944,IRIB tv4
2945,KIRO-TV
2946,Sleutelstad TV
2947,TV West
2948,RTV Bangladesh
2949,Crea TV
2950,TVN Turbo
2951,Sky Angel
2952,Culturebox
2953,WatchFree+
2954,Health TV
2955,Canal UOL
2956,Channel 31
2957,Movies4Men
2958,Dunya TV
2959,Curta!
2960,BumBam
2961,ICU Documentaries
2962,BS Yoshimoto
2963,优酷
2964,IRIB Tamasha
2965,TNT Glitz
2966,Bright House Sports Network
2967,캐리TV
2968,SHO.com
2969,TV Cidade
2970,Spike (GB)
2971,Nebraska Educational Telecommunications
2972,Киевтелефильм
2973,Synergy TV
2974,DIA TV PLUS
2975,ESPN.com
2976,HIFI
2977,Cowboy Way
2978,Mega Plus
2979,Yoopa
2980,#LetsDoeIT
2981,NOTTV
2982,2STV
2983,SEN TV
2984,Wido
2985,RTL 8
2986,Bloomberg Television
2987,Polsat News
2988,WIPR
2989,Theater Mania
2990,Nouvelle Calédonie 1ère
2991,DTour
2992,OGN
2993,Live Well Network
2994,필콘미디어
2995,njam!
2996,DFF 2
2997,USPHTV
2998,Radiotelevizija Beograd
2999,ABC Nyheter
3000,The Pentagon Channel
3001,Shaw TV
3002,Sari-Sari Channel
3003,Game one
3004,Synergetic
3005,LCN
3006,TV Berlin
3007,RheinMain TV
3008,BW Family TV
3009,YesFlix
3010,Atomic Network
3011,BHNews TV
3012,Наше HD
3013,SNS
3014,CBS News
3015,TrinkFlix
3016,MTV Russia
3017,HD1
3018,Elisa Elamus
3019,Russian TV
3020,ESPNews
3021,Shanxi Television
3022,CiF TV
3023,LRT Televizija
3024,WOR-TV
3025,Travel Box Brazil
3026,TVU
3027,Bem Simples
3028,YoungLife TiVi
3029,ichannel
3030,PLUSPLUS
3031,Ideapod
3032,The Huffington Post
3033,National Geographic Asia
3034,Deutscher Fernsehfunk
3035,Be Mad
3036,RVU
3037,canal 9
3038,GolTV
3039,Philos
3040,Obi
3041,PiliFlix
3042,Gloobinho
3043,Giga Gloob
3044,ZWLS
3045,Look du jour
3046,Super!
3047,DeA Kids
3048,GMA News TV
3049,CTV Life Channel
3050,CTV Atlantic
3051,VPK
3052,TVR 2
3053,BRB Internacional
3054,Mordu
3055,Good Food
3056,ImaginAsianTV
3057,Dược sĩ Tiến • Entertainment
3058,Al Aoula
3059,Xploration Station
3060,MTV Poland
3061,Wrestle Universe
3062,Laugh Out Loud
3063,브라보키즈
3064,Shoptime
3065,Barely Not Monkeys
3066,Ishara TV
3067,NHL Network
3068,Canal 44 UDGTV
3069,L8
3070,SilverbirdTV
3071,WNL
3072,Discovery en Español
3073,ACC Network
3074,The Pet Network
3075,El Djazairia One
3076,London Live
3077,TV Gelderland
3078,Savoir média
3079,Sparkk tv
3080,BBC South Africa
3081,GIGA
3082,BBC Sport
3083,Takarazuka Sky Stage
3084,WFAA
3085,Vivendi Entertainment
3086,imbc
3087,makoTV
3088,Trouble
3089,Planète
3090,RTL Passion
3091,APTN lumi
3092,Woohoo
3093,Mix Be lAraby
3094,قناة القاهرة والناس 2
3095,قناة صدى البلد دراما
3096,RTSI
3097,SAPO Vídeos
3098,KMEX-DT
3099,Massengeschmack.TV
3100,RT UK
3101,CBC Comedy
3102,Ciak Telesud
3103,WTBS Atlanta
3104,BbangyaTV
3105,ZDF Theaterkanal
3106,RTP Memória
3107,Mono Max
3108,doxx-tv (DE)
3109,MCM
3110,TB Entertainment
3111,NBC Weather Plus
3112,Kayo Pops Channel
3113,北京广播电视台卡酷少儿频道
3114,Polar+
3115,Imparja Television
3116,Pzaz TV
3117,GMMTV
3118,Zee Telugu
3119,Nanjing Broadcasting System
3120,Repubblica TV
3121,Cartoon Network MENA
3122,NYC TV
3123,CJOH-DT
3124,Kanaltürk
3125,3min
3126,Community Channel
3127,CNBC World
3128,WDIV-TV
3129,TV Globo Brasília
3130,FilminLatino
3131,Estonian Public Broadcasting (ERR)
3132,Downtown Pictures Production (EE)
3133,NASA TV
3134,Bold
3135,BBC Lifestyle
3136,UOL. Doc
3137,TFM
3138,ctv.ca
3139,Ningxia Television
3140,TOMYSTIME
3141,Drama
3142,TV2 Øst
3143,Pasadena Community Network
3144,KEYC-TV
3145,CGTN
3146,Kwai
3147,Access 31
3148,Alsumaria TV
3149,Trans7
3150,CONMEBOL Libertadores
3151,TV Slovenija
3152,TV Pětka
3153,Vale TV
3154,Deeper.com
3155,TV Rain
3156,Pink Lemon
3157,barrandov.tv
3158,DD Chandana
3159,TV UNAM
3160,AwesomenessTV App
3161,Sky News Weather Channel
3162,VIDI Space
3163,ANS TV
3164,Myanmar National TV (MNTV)
3165,ABXplore (BE-FR)
3166,Nation TV
3167,MTV Philippines
3168,Fox Classics
3169,BEC-TV
3170,Voice tv
3171,Fox Footy
3172,Vice Media (AU)
3173,TMF Vlaanderen
3174,HME ORIGINALS
3175,NDTV
3176,BTV4U
3177,BESIDE
3178,KQEH
3179,Foxtel Arts
3180,ČT3
3181,Fox Sports Sun
3182,Sportsnet
3183,BX1
3184,DRG History
3185,Doc Story
3186,Ripe TV
3187,푸른영상
3188,Rocketsheep Studio
3189,TV Zimbo
3190,C3
3191,TVT
3192,JAYE Ent.
3193,Billiards TV
3194,Spacetoon
3195,Country Music Channel
3196,"телеканал ""Звезда"""
3197,Comedy Central Netherlands
3198,Setanta Sports USA
3199,EinsPlus
3200,Санкт Петербург
3201,Voltage TV
3202,IFC.com
3203,vodio
3204,朝日电视台
3205,RTI1
3206,Pop Max
3207,CNBC TV18
3208,中央电视台影视部
3209,INHD
3210,BroadwayWorld
3211,TCN
3212,BET Her
3213,disney.com
3214,The Box
3215,TMF
3216,gtunes
3217,DPTV
3218,CNA
3219,코코믹스
3220,Óčko
3221,MYTF1 MAX
3222,Okolo Kino
3223,Свастик Продакшнс
3224,Central Independent Television
3225,СПАС
3226,LMT Viedtelevīzija
3227,Vasanth TV
3228,Yorkshire Television
3229,Soul Mate Tv
3230,Venezolana de Televisión
3231,Editorial Planeta
3232,Astro Aruna
3233,El Hiware et Tounsi
3234,Tastemade Brasil
3235,Yey!
3236,더라이프채널
3237,sport 5
3238,Comedy Central (PL)
3239,DSF
3240,Life Network
3241,Sports Live+
3242,moietcie.ca
3243,Domo+
3244,FreeSports
3245,Zee Marathi
3246,ChikooFlix
3247,Junior TV (D)
3248,北京影视频道
3249,湖南娱乐频道
3250,上海新闻综合频道
3251,SBS Golf
3252,Womp Channel
3253,Aurora Community Channel
3254,KATU
3255,M2 Petőfi TV
3256,OnDirectTV
3257,KJRH-TV
3258,FashionTV
3259,Citizen TV
3260,ABV
3261,The 101
3262,CTV News Channel
3263,MTV Base
3264,Moya Planeta
3265,Al Rasheed TV
3266,CanalPlay
3267,ESPN3
3268,ESPN360
3269,TV Matsumoto
3270,Korean Central Television
3271,TV Vest
3272,Europe 1
3273,element14
3274,Information TV
3275,Cornerstone Television
3276,큐허브
3277,깨비키즈
3278,TVG Network
3279,MKVT
3280,CityShor
3281,Documentary Channel
3282,BOP1 Productions Inc.
3283,Tr3s
3284,DIA TV
3285,CliffMovies
3286,NTN
3287,宁波新闻综合频道
3288,Sandbox+
3289,BBC Knowledge
3290,Nowa TV
3291,Signature Entertainment
3292,TCT
3293,Lismo TV
3294,Discovery Geschichte
3295,Nile Comedy
3296,Scientology Network
3297,Ekushey Television
3298,The Africa Channel
3299,RCI viva
3300,Asenshu
3301,China Education Television
3302,CCTV-17
3303,addik.tv
3304,GETTR
3305,Horse and Country TV
3306,WJYS
3307,SportsChannel America
3308,UULA
3309,Rotana Drama
3310,Crime Investigation Polsat
3311,Akash Bangla
3312,KBS N SPORTS
3313,CreativeLive
3314,Erdély TV
3315,7flix
3316,Fox Sports Brasil
3317,WKAR-TV (US)
3318,ČTV
3319,Clipfish
3320,スカイパーフェクTV
3321,Biggs
3322,Media Factory
3323,Kvartal TV
3324,Interesnoe TV
3325,WGCT-CA
3326,Al Rabiaa
3327,Mauzi Films
3328,Olympic Channel
3329,동아TV
3330,Canadian Broadcast Company
3331,Avanti Cinema
3332,Beachbody
3333,TVNZ Duke
3334,HotHit
3335,Sebastiyan
3336,TV Aratu
3337,Scoop
3338,SHANT TV
3339,CatholicTV
3340,Versus
3341,SBS Sports
3342,TruBlu
3343,Chronos
3344,Abanteflix
3345,BBC One South East
3346,Looke
3347,Discovery Home
3348,Streamwaze
3349,Fact TV UK
3350,Zaragoza TV
3351,tva.ca
3352,ESPN Extra
3353,MusiMax
3354,FWTV
3355,Lionsgate Television
3356,Discovery Turbo Brasil
3357,WAGA-TV
3358,RTL+ (HU)
3359,Blast
3360,MUTV
3361,UNLEASHED.tv
3362,iTV Thailand
3363,TV MS
3364,MTV Hungary
3365,TV Luna
3366,نايل دراما
3367,TheBlaze
3368,Curiosity TV (DE)
3369,Shamshad TV
3370,XTV
3371,Warner TV Next
3372,Rock & Pop
3373,E채널
3374,LNK
3375,ici.artv.ca
3376,Reveel
3377,SWR
3378,Viddsee
3379,True Crime Network
3380,Rapture TV
3381,7+ (AU)
3382,Kanal Lokal Göteborg
3383,GMA Pinoy TV
3384,RTSH 1
3385,SHOWROOM
3386,Colors Super
3387,Dumpert
3388,KYW-TV
3389,Cartoon Monsoon
3390,TV3+
3391,7plus
3392,MMUSA
3393,BSJapanext
3394,M2
3395,Vine
3396,DW-TV
3397,MCE TV
3398,VERY TV
3399,mcot family
3400,NQQ
3401,WXYZ (ABC - Detroit)
3402,Fairchild TV
3403,Nectar TV
3404,NOW 26
3405,Jewelry Television
3406,Ebru TV
3407,GO3
3408,Meta Quest TV
3409,Pac-12 Network
3410,Joyn
3411,TF1 Séries Films
3412,Sky Arts HD
3413,Green TV Entertainment
3414,DD Sahyadri
3415,央视八套，腾讯视频
3416,Acht TV
3417,Disney Channel (PT)
3418,Disney Junior (PT)
3419,Orange
3420,KOCO-TV
3421,COACH-KIN
3422,NTV Variety
3423,uflix
3424,DKISS
3425,Muz-TV
3426,KCTS-TV
3427,Sky Arte (IT)
3428,EXQI Plus
3429,LLINK
3430,WTSP
3431,tv8
